Páginas principais,Cliques,Impressões,CTR,Posição
https://www.stz.com.br/,96215,2498846,3.85%,27.52
https://www.stz.com.br/onde-encontrar,11179,947622,1.18%,22.97
https://www.stz.com.br/calcados-femininos,5220,1361382,0.38%,11.8
https://www.stz.com.br/calcados-femininos/papetes,4455,1208114,0.37%,6.63
https://www.stz.com.br/conteudo/institucional/central-de-atendimento,4225,759556,0.56%,2.61
https://www.stz.com.br/clube,3961,33032,11.99%,27.96
https://www.stz.com.br/calcados-femininos/sandalias,2531,1026910,0.25%,13.72
https://www.stz.com.br/tenis/tenis-casual-feminino,2446,1115905,0.22%,11.95
https://www.stz.com.br/marcas/modare-ultraconforto,2265,349171,0.65%,6.66
https://www.stz.com.br/acessorios/bolsas,2221,933620,0.24%,14.9
https://www.stz.com.br/tenis,2063,829944,0.25%,9.47
https://www.stz.com.br/calcados-masculinos,1867,1146375,0.16%,8.19
https://www.stz.com.br/cadastro,1507,59136,2.55%,5.96
https://www.stz.com.br/calcados-femininos/rasteiras,1383,657654,0.21%,10.66
https://www.stz.com.br/calcados-femininos/scarpin,1319,430385,0.31%,12.37
https://www.stz.com.br/marcas/nike,1184,832155,0.14%,9.46
https://www.stz.com.br/marcas/gabriela,1156,117872,0.98%,08.08
https://www.stz.com.br/calcados-femininos/mocassim,1155,319453,0.36%,7.38
https://www.stz.com.br/calcados-femininos/chinelos-e-slides,857,406971,0.21%,11.25
https://www.stz.com.br/calcados-femininos/tamancos,753,232531,0.32%,8.55
https://www.stz.com.br/menina/sandalias,738,181043,0.41%,9.43
https://www.stz.com.br/calcados-femininos/botas,709,237232,0.3%,27.31
https://www.stz.com.br/fale-conosco,681,35913,1.9%,6.4
https://www.stz.com.br/tenis/tenis-casual-masculino,679,577913,0.12%,8.85
https://www.stz.com.br/sobre-nos,639,120696,0.53%,6.57
https://www.stz.com.br/calcados-masculinos/sandalias,622,159933,0.39%,8.41
https://www.stz.com.br/compre-e-retire,613,107634,0.57%,5.28
https://www.stz.com.br/marcas/vertus,564,14757,3.82%,2.39
https://www.stz.com.br/troca-facil,559,15355,3.64%,9.14
https://www.stz.com.br/menina,523,348359,0.15%,8.72
https://www.stz.com.br/marcas/vizzano,498,146635,0.34%,8.14
https://www.stz.com.br/marcas/democrata,482,190415,0.25%,8.85
https://www.stz.com.br/calcados-masculinos/chinelos-e-slides,455,109795,0.41%,9.36
https://www.stz.com.br/conteudo/institucional/central-de-atendimento/regulamento,443,26943,1.64%,7.36
https://www.stz.com.br/tenis/tenis-esportivo-feminino,437,738906,0.06%,14.86
https://www.stz.com.br/calcados-femininos/sapatilhas,428,167089,0.26%,19.76
https://www.stz.com.br/conteudo/ajuda-e-suporte/duvidas-frequentes,399,30357,1.31%,8.36
https://www.stz.com.br/campanha-achadinhos,377,829843,0.05%,9.34
https://www.stz.com.br/marcas/all-star,370,87623,0.42%,14.16
https://www.stz.com.br/marcas/penelope,368,48042,0.77%,8.65
https://www.stz.com.br/cupons-stz,355,39811,0.89%,7.71
https://www.stz.com.br/menino,340,84931,0.4%,10.21
https://www.stz.com.br/marcas/moleca,340,75210,0.45%,8.61
https://www.stz.com.br/marcas/zaxy,329,159340,0.21%,6.83
https://www.stz.com.br/login,310,1056,29.36%,02.04
https://www.stz.com.br/tenis/tenis-esportivo-masculino,307,638907,0.05%,9.55
https://www.stz.com.br/tenis/chuteiras,285,53211,0.54%,10.86
https://www.stz.com.br/menina/tenis-casual,283,94984,0.3%,13.72
https://www.stz.com.br/calcados-femininos/mules,278,88813,0.31%,9.31
https://www.stz.com.br/acessorios/mochilas,274,32297,0.85%,20.67
https://www.stz.com.br/calcados-salto-alto,255,51347,0.5%,13.24
https://www.stz.com.br/marcas/cartago,252,107901,0.23%,8.88
https://www.stz.com.br/marcas/mac-jac,249,5350,4.65%,4.97
https://www.stz.com.br/marcas,248,28973,0.86%,11.09
https://www.stz.com.br/marcas/molekinha,238,61427,0.39%,7.75
https://www.stz.com.br/calcados-masculinos/sapato-social,234,72899,0.32%,12.2
https://www.stz.com.br/marcas/actvitta,232,69456,0.33%,6.98
https://www.stz.com.br/calcados-femininos/slip-on,211,103084,0.2%,8.7
https://www.stz.com.br/marcas/rider,206,142209,0.14%,8.98
https://www.stz.com.br/marcas/olympikus,206,95942,0.21%,11.53
https://www.stz.com.br/menino/papetes,187,46441,0.4%,7.33
https://www.stz.com.br/menina/botas,183,35491,0.52%,11.81
https://www.stz.com.br/campanha-liquida,182,126276,0.14%,08.03
https://www.stz.com.br/marcas/pegada,176,47564,0.37%,8.83
https://www.stz.com.br/campanha-oferta-do-dia,172,14000,1.23%,8.89
https://www.stz.com.br/marcas/via-marte,164,85961,0.19%,10.45
https://www.stz.com.br/campanha-sapato-boneca,163,34481,0.47%,9.55
https://www.stz.com.br/marcas/adidas,162,220389,0.07%,11.1
https://www.stz.com.br/credicard,159,5554,2.86%,9.94
https://www.stz.com.br/marcas/kenner,154,17913,0.86%,16.02
https://www.stz.com.br/marcas/ollie-originals,148,35550,0.42%,07.09
https://www.stz.com.br/marcas/polo-energy,147,18773,0.78%,9.18
https://www.stz.com.br/marcas/woche,141,4332,3.25%,5.54
https://www.stz.com.br/marcas/mizuno,140,49167,0.28%,13.87
https://www.stz.com.br/fortaleza-joquei,135,9159,1.47%,7.16
https://www.stz.com.br/campanha-bolsas,133,9532,1.4%,3.85
https://www.stz.com.br/hotsite/presentes,132,1415,9.33%,16.77
https://www.stz.com.br/calcados-masculinos/slip-on,127,59341,0.21%,9.27
https://www.stz.com.br/marcas/beira-rio,127,42120,0.3%,9.47
https://www.stz.com.br/marcas/kolosh,125,31943,0.39%,9.66
https://www.stz.com.br/marcas/havaianas,124,23087,0.54%,15.85
https://www.stz.com.br/menina/chinelos-slides,121,45248,0.27%,8.66
https://www.stz.com.br/calcados-masculinos/botas,121,42714,0.28%,16.72
https://www.stz.com.br/menino/chuteiras,121,36794,0.33%,10.77
https://www.stz.com.br/marcas/mormaii,119,61572,0.19%,7.53
https://www.stz.com.br/marcas/gabrielinha,119,2797,4.25%,3.67
https://www.stz.com.br/papetes,118,5860,2.01%,11.78
https://www.stz.com.br/acessorios/carteiras,115,13358,0.86%,33.26
https://www.stz.com.br/menino/chinelos-e-slides,114,53349,0.21%,8.44
https://www.stz.com.br/menino/tenis-casual,112,65624,0.17%,12.18
https://www.stz.com.br/recuperarsenha/d9dc3898-a109-4272-bb40-1ffa99f018c8,107,1568,6.82%,9.4
https://www.stz.com.br/sandalia-papete-infantil-disney-stitch-mochila-azul-5198240-p2813221,106,13184,0.8%,4.77
https://www.stz.com.br/calcados-masculinos/sapatenis,103,51281,0.2%,11.48
https://www.stz.com.br/marcas/fila,103,35002,0.29%,15.24
https://www.stz.com.br/tenis-olympikus-ultraleve-esportivo-feminino-preto-5149228-p163317,102,159132,0.06%,4.49
https://www.stz.com.br/marcas/oxn,101,19817,0.51%,5.38
https://www.stz.com.br/campanha-botas-e-coturnos,101,6079,1.66%,9.85
https://www.stz.com.br/marcas/bow-river,98,2025,4.84%,8.86
https://www.stz.com.br/campanha-tenis-masculino,96,6550,1.47%,7.65
https://www.stz.com.br/acessorios/cintos,93,16408,0.57%,27.9
https://www.stz.com.br/calcados-femininos/peep-toe,91,17090,0.53%,9.42
https://www.stz.com.br/acessorios/almofada,86,8749,0.98%,14.58
https://www.stz.com.br/acessorios/bones-e-chapeus,84,24471,0.34%,21.72
https://www.stz.com.br/tenis-nike-downshifter-12-esportivo-feminino-rosa-5189385-p2756636,82,42655,0.19%,6.69
https://www.stz.com.br/bolsa-shopping-bag-grande-gabriela-essenciais-niqueleira-preto-5175693-p2622334,82,26013,0.32%,6.66
https://www.stz.com.br/tenis-mizuno-glow-softierfoam-esportivo-feminino-holografico-branco-5192766-p2784636,82,16318,0.5%,5.39
https://www.stz.com.br/marcas/tchocco,82,6414,1.28%,7.77
https://www.stz.com.br/acessorios/meias,78,22026,0.35%,24.29
https://www.stz.com.br/menina/sapatilhas,72,39457,0.18%,12.32
https://www.stz.com.br/campanha-sandalia-e-tamanco,72,9192,0.78%,5.22
https://www.stz.com.br/campanha-verao,71,12333,0.58%,12.05
https://www.stz.com.br/marcas/bebece,69,20910,0.33%,9.33
https://www.stz.com.br/marcas/cross-road,69,6159,1.12%,07.08
https://www.stz.com.br/tenis-nike-downshifter-12-esportivo-masculino-preto-5189525-p2757617,68,149649,0.05%,4.28
https://www.stz.com.br/bolsa-tote-media-gabriela-essenciais-texturizada-preto-5179574-p2663300,65,57946,0.11%,07.01
https://www.stz.com.br/cartoes,65,1650,3.94%,6.6
https://www.stz.com.br/calcados-masculinos/mocassim,64,33479,0.19%,13
https://www.stz.com.br/tenis-nike-court-vision-mid-cano-alto-masculino-couro-preto-5177869-p2641469,64,25198,0.25%,11.88
https://www.stz.com.br/acessorios/acessorios-para-calcados,63,43087,0.15%,8.8
https://www.stz.com.br/campanha-geral-conforto,63,29712,0.21%,11.72
https://www.stz.com.br/marcas/molekinho,63,21494,0.29%,8.78
https://www.stz.com.br/promo-liquida,63,4368,1.44%,18.24
https://www.stz.com.br/chinelo-gabriela-conforto-flatform-texturizado-verde-5187609-p2738721,62,1940,3.2%,36.66
https://www.stz.com.br/marcas/ipanema,58,14094,0.41%,15.18
https://www.stz.com.br/menina/galochas,58,9569,0.61%,12.35
https://www.stz.com.br/marcas/pimpolho,57,16118,0.35%,9.33
https://www.stz.com.br/bolsa-shopping-gabriela-detalhe-nos-pompom-matelasse-off-white-5194661-p2795292,56,15169,0.37%,8.3
https://www.stz.com.br/campanha-sandalias-flatforms,54,7196,0.75%,11.59
https://www.stz.com.br/tenis-olympikus-intuit-eleva-esportivo-feminino-knit-off-white-5197745-p2813104,54,3183,1.7%,6.32
https://www.stz.com.br/c6,53,21157,0.25%,7.9
https://www.stz.com.br/campanha-feminino-aberto,53,6878,0.77%,9.59
https://www.stz.com.br/marcas/terra-agua,52,6465,0.8%,9.55
https://www.stz.com.br/campanha-feminino-slingback,51,7434,0.69%,13.95
https://www.stz.com.br/tenis-infantil-converse-all-star-chuck-taylor-cano-alto-preto-5087187-p132682,48,53449,0.09%,4.56
https://www.stz.com.br/menino/sandalias,48,24003,0.2%,10.62
https://www.stz.com.br/garrafa-de-aluminio-stz-prata-5170961-p2585032,48,17719,0.27%,2.61
https://www.stz.com.br/campanha-tenis-esportivo,47,52128,0.09%,19.99
https://www.stz.com.br/menino/botas,47,14616,0.32%,10.64
https://www.stz.com.br/campanha-gabriela,47,5401,0.87%,5.12
https://www.stz.com.br/copo-com-canudo-stz-strass-holografico-glitter-prata-5188072-p2742822,47,1958,2.4%,6.66
https://www.stz.com.br/sorteio,46,79237,0.06%,7.87
https://www.stz.com.br/marcas/black-free,46,4958,0.93%,6.22
https://www.stz.com.br/mochila-gabriela-essenciais-texturizado-off-white-5191673-p2778872,46,1830,2.51%,8.94
https://www.stz.com.br/tenis-olympikus-only-2-casual-masculino-preto-5183464-p2702404,45,81980,0.05%,3.26
https://www.stz.com.br/tenis-olympikus-intuit-eleva-esportivo-feminino-knit-preto-5197746-p2813105,45,23673,0.19%,4.21
https://www.stz.com.br/fortaleza-riomar,44,4760,0.92%,8.54
https://www.stz.com.br/credicard-regulamento,43,2787,1.54%,14.56
https://www.stz.com.br/marcas/mississipi,42,39298,0.11%,8.65
https://www.stz.com.br/sandalia-aranha-infantil-stitch-disney-bolsa-clutch-tiracolo-azul-5199395-p2819167,42,9414,0.45%,04.02
https://www.stz.com.br/campanha-scarpins-slingbacks,42,5766,0.73%,6.94
https://www.stz.com.br/sandalia-gabriela-essenciais-salto-grosso-detalhe-tira-marrom-5187492-p2737899,41,27927,0.15%,1.84
https://www.stz.com.br/marcas/dakota,40,19437,0.21%,11.75
https://www.stz.com.br/sandalia-papete-infantil-disney-minnie-mouse-carrinho-organizador-rosa-5199391-p2819165,40,8012,0.5%,3.12
https://www.stz.com.br/vertus-street-style,39,6807,0.57%,6.79
https://www.stz.com.br/tenis-olympikus-citrus-2-esportivo-feminino-cinza-5192768-p2784638,38,36037,0.11%,3.96
https://www.stz.com.br/marcas/stz?pg=4,38,16700,0.23%,7.44
https://www.stz.com.br/sandalia-gabriela-salto-fino-tira-metalizada-prata-5183455-p2702118,38,3010,1.26%,20.07
https://www.stz.com.br/acessorios/garrafas-e-copos,38,2862,1.33%,8.83
https://www.stz.com.br/chinelo-infantil-havaianas-kids-slim-princess-frozen-glitter-lilas-5191491-p2777213,37,54109,0.07%,4.17
https://www.stz.com.br/marcas/stz?pg=5,37,8716,0.42%,5.53
https://www.stz.com.br/calcados-masculinos?pg=3,37,4707,0.79%,14.77
https://www.stz.com.br/tenis-nike-court-vision-lo-street-masculino-couro-preto-5168173-p1722198,36,10905,0.33%,11.24
https://www.stz.com.br/chinelo-ipanema-kirei-print-rosa-5177557-p2637101,36,457,7.88%,12.68
https://www.stz.com.br/garrafa-com-canudo-stz-hora-de-beber-agua-rosa-5187543-p2738689,35,24567,0.14%,6.95
https://www.stz.com.br/tenis-olympikus-clic-eleva-esportivo-masculino-knit-preto-5197747-p2813118,35,24488,0.14%,5.25
https://www.stz.com.br/marcas/umbro,35,13707,0.26%,11.76
https://www.stz.com.br/marcas/cartago-kids,35,13018,0.27%,8.8
https://www.stz.com.br/marcas/gabriela?pg=4,35,2347,1.49%,3.58
https://www.stz.com.br/campanha-tenis-infantil,34,1988,1.71%,5.41
https://www.stz.com.br/canal-etica,34,472,7.2%,13.66
https://www.stz.com.br/garrafa-galao-mini-cross-road-academia-com-alca-preto-2-2-l-5172462-p2601240,33,30446,0.11%,2.85
https://www.stz.com.br/mochila-mormaii-logo-ziper-preto-5198380-p2814512,33,12924,0.26%,4.81
https://www.stz.com.br/campanha-semana-do-consumidor,33,7701,0.43%,60.75
https://www.stz.com.br/marcas/ferracini,33,7350,0.45%,16.97
https://www.stz.com.br/campanha-tudo-por-99,33,2494,1.32%,8.15
https://www.stz.com.br/tenis-converse-all-star-chuck-taylor-preto-5009122-p1340,32,77408,0.04%,9.83
https://www.stz.com.br/sandalia-papete-infantil-disney-minnie-mouse-mochila-rosa-5198220-p2813164,32,31436,0.1%,8.51
https://www.stz.com.br/acessorios,32,10428,0.31%,11.81
https://www.stz.com.br/garrafa-com-canudo-stz-transparente-confete-glitter-pink-5188076-p2742826,32,6723,0.48%,2.78
https://www.stz.com.br/campanha-bolsas-carteiras,32,3773,0.85%,6.23
https://www.stz.com.br/hotsite,32,2823,1.13%,7.36
https://www.stz.com.br/marcas/cross-road-kids,32,1943,1.65%,6.93
https://www.stz.com.br/chinelo-gabriela-conforto-tira-larga-texturizado-preto-5181817-p2682431,31,19072,0.16%,7.92
https://www.stz.com.br/tenis-olympikus-esportivo-feminino-pride-3-neon-verde-5192816-p2784745,31,9902,0.31%,4.77
https://www.stz.com.br/mochila-gabriela-essenciais-texturizado-caramelo-5191672-p2778868,31,3368,0.92%,5.41
https://www.stz.com.br/marcas/mooncity,30,7038,0.43%,8.35
https://www.stz.com.br/sandalia-zaxy-pop-up-plataforma-tiras-cruzadas-metalizada-preto-5193890-p2790741,30,2937,1.02%,7.38
https://www.stz.com.br/campanha-calcado-infantil,30,2668,1.12%,9.37
https://www.stz.com.br/sandalia-vizzano-salto-grosso-detalhe-decote-glitter-rose-5198339-p2814008,29,22337,0.13%,3.55
https://www.stz.com.br/tamanco-papete-modare-ultraconforto-flatform-pedraria-bege-5199753-p2819620,28,22869,0.12%,3.23
https://www.stz.com.br/sandalia-gabriela-salto-grosso-flor-metalizada-ouro-5200786-p2828691,28,5304,0.53%,7.23
https://www.stz.com.br/tenis-nike-revolution-6-esportivo-feminino-rosa-5192794-p2784947,27,27029,0.1%,5.85
https://www.stz.com.br/tenis-via-marte-casual-anabela-feminino-metalizado-bege-5196580-p2802081,27,5970,0.45%,3.63
https://www.stz.com.br/marcas/charmosinha-chic,27,4200,0.64%,7.97
https://www.stz.com.br/marcas/liberte,27,2714,0.99%,8.12
https://www.stz.com.br/tenis-fila-progress-lite-jogging-esportivo-masculino-preto-5198727-p2817859,26,31719,0.08%,3.24
https://www.stz.com.br/marcas/gabriela?pg=3,26,10592,0.25%,4.76
https://www.stz.com.br/sandalia-vizzano-salto-grosso-detalhe-decote-glitter-metalizada-prata-5198340-p2814009,26,10011,0.26%,4.54
https://www.stz.com.br/calcados-masculinos/sapato-casual,25,50286,0.05%,10.61
https://www.stz.com.br/tenis-infantil-nike-downshifter-12-next-nature-holografico-preto-5192969-p2785867,25,41596,0.06%,8.95
https://www.stz.com.br/chinelo-gabriela-conforto-tira-larga-texturizado-off-white-5181815-p2682429,25,3171,0.79%,06.09
https://www.stz.com.br/sandalia-papete-infantil-disney-pixar-buzz-lightyear-mochila-azul-5199413-p2819179,25,1441,1.73%,6.78
https://www.stz.com.br/sandalia-aranha-infantil-stitch-disney-bolsa-clutch-tiracolo-glitter-rosa-5199393-p2819166,24,14155,0.17%,7.22
https://www.stz.com.br/garrafa-stz-rosa-5149393-p163540,24,10169,0.24%,5.31
https://www.stz.com.br/pre-venda-verao,24,9270,0.26%,5.3
https://www.stz.com.br/marcas/usaflex,24,7780,0.31%,23.99
https://www.stz.com.br/campanha-outono-inverno,24,4698,0.51%,40.3
https://www.stz.com.br/chinelo-infantil-havaianas-brasil-logo-branco-5183953-p2707034,24,4509,0.53%,8.93
https://www.stz.com.br/marcas/gabriela?pg=2,24,3593,0.67%,5.96
https://www.stz.com.br/bolsa-tote-media-gabriela-essenciais-texturizada-nude-5179575-p2663301,24,2988,0.8%,5.74
https://www.stz.com.br/chuteira-futsal-indoor-pro-oxn-spartak-5-masculino-vermelho-preto-5198750-p2817872,24,1519,1.58%,5.46
https://www.stz.com.br/campanha-tendencias-estacao,23,19976,0.12%,5.54
https://www.stz.com.br/rasteira-penelope-vazados-textura-snake-nude-5191449-p2776808,23,1653,1.39%,5.16
https://www.stz.com.br/gabriela-chinelos,23,1426,1.61%,5.58
https://www.stz.com.br/marcas/addan,23,1168,1.97%,7.31
https://www.stz.com.br/sandalia-gabriela-essenciais-salto-grosso-pespontos-off-white-5162697-p1653132,22,45013,0.05%,7.45
https://www.stz.com.br/tenis-olympikus-vibracao-esportivo-masculino-preto-5183117-p2697026,22,22491,0.1%,4.79
https://www.stz.com.br/calcados-salto-medio,22,3364,0.65%,11.19
https://www.stz.com.br/tenis-adidas-grand-court-base-2-0-casual-feminino-floral-branco-5196904-p2804524,22,1777,1.24%,20.15
https://www.stz.com.br/mochila-vertus-notebook-tecido-preto-5194662-p2795289,22,833,2.64%,10.48
https://www.stz.com.br/palmilha-comfort-stz-em-gel-incolor-5153507-p1130988,22,416,5.29%,19.68
https://www.stz.com.br/menino/babuches,21,11792,0.18%,9.96
https://www.stz.com.br/bolsa-porta-celular-gabriela-alca-corrente-preto-5198711-p2816464,21,6205,0.34%,10.22
https://www.stz.com.br/chinelo-havaianas-urban-way-grafite-5163393-p1659059,21,1078,1.95%,9.98
https://www.stz.com.br/marcas/asics,20,33548,0.06%,11.74
https://www.stz.com.br/marcas/piccadilly,20,20866,0.1%,9.82
https://www.stz.com.br/sandalia-papete-mississipi-flatform-tiras-strass-rose-5194191-p2792607,20,20148,0.1%,4.8
https://www.stz.com.br/scarpin-vizzano-salto-fino-glitter-metalizado-dourado-5198199-p2813978,20,17123,0.12%,7.71
https://www.stz.com.br/tenis-puma-carina-ps-bdp-soft-foam-optimal-confort-feminino-preto-5196949-p2804891,20,9317,0.21%,6.85
https://www.stz.com.br/parceiro-crc,20,4915,0.41%,6.34
https://www.stz.com.br/mule-modare-ultraconforto-salto-grosso-detalhe-fivela-caramelo-5197516-p2810202,20,4863,0.41%,4.13
https://www.stz.com.br/campanha-papete-e-flatform,20,3266,0.61%,10.58
https://www.stz.com.br/tamanco-clog-bebece-plataforma-tresse-caramelo-5202706-p2837488,20,1057,1.89%,02.06
https://www.stz.com.br/bolsa-tiracolo-pequena-vertus-pespontos-verde-militar-5177390-p2635387,20,186,10.75%,3.1
https://www.stz.com.br/tenis-olympikus-only-2-casual-masculino-branco-5183477-p2702410,19,23571,0.08%,6.72
https://www.stz.com.br/bolsa-de-praia-grande-gabriela-trama-rafia-bege-5197342-p2807853,19,16918,0.11%,7.81
https://www.stz.com.br/mocassim-vizzano-perfuros-camurca-caramelo-5165448-p1681860,19,9910,0.19%,8.27
https://www.stz.com.br/sandalia-papete-infantil-barbie-mochila-modular-glitter-pink-5199208-p2819696,19,7428,0.26%,1.53
https://www.stz.com.br/slide-havaianas-aqua-metallic-tiras-cruzadas-bege-5197278-p2807599,19,6638,0.29%,7.1
https://www.stz.com.br/tenis-nike-revolution-7-casual-feminino-cinza-5195522-p2806519,19,5180,0.37%,10.45
https://www.stz.com.br/tenis-modare-ultraconforto-casual-feminino-knit-preto-5190438-p2765355,19,4559,0.42%,10.14
https://www.stz.com.br/marcas/ramarim,19,3341,0.57%,26.9
https://www.stz.com.br/scarpin-slingback-vizzano-salto-fino-tiras-cruzadas-verniz-vinho-5200533-p2826597,18,136841,0.01%,10.04
https://www.stz.com.br/bota-coturno-gabriela-plataforma-tratorada-pespontos-off-white-5196073-p2798678,18,24360,0.07%,09.09
https://www.stz.com.br/sandalia-modare-ultraconforto-salto-grosso-color-5191517-p2778253,18,11503,0.16%,2.7
https://www.stz.com.br/tamanco-beira-rio-plataforma-acolchoado-preto-5197760-p2818919,18,10619,0.17%,7.47
https://www.stz.com.br/sandalia-vizzano-meia-pata-detalhe-strass-glitter-prata-5194458-p2794988,18,6987,0.26%,3.31
https://www.stz.com.br/shoulder-bag-nike-heritage-s-smit-preto-5193893-p2790893,18,6263,0.29%,06.07
https://www.stz.com.br/sandalia-modare-ultraconforto-salto-grosso-pedraria-elastico-verde-5196956-p2804898,18,6133,0.29%,4.68
https://www.stz.com.br/chinelo-havaianas-slim-nude-5138105-p80137,18,5146,0.35%,3.65
https://www.stz.com.br/sandalia-modare-ultraconforto-salto-grosso-elastico-nude-5196222-p2799652,18,4281,0.42%,6.82
https://www.stz.com.br/rasteira-papete-beira-rio-flat-fivelas-off-white-5195566-p2800787,18,3766,0.48%,7.65
https://www.stz.com.br/campanha-dia-do-consumidor,18,3265,0.55%,24.97
https://www.stz.com.br/calcados-femininos?pg=2,18,2931,0.61%,5.74
https://www.stz.com.br/tenis-converse-all-star-chuck-taylor-lift-flatform-branco-5144541-p4183,18,2840,0.63%,17.13
https://www.stz.com.br/scarpin-gabriela-salto-fino-detalhe-verniz-nude-5190901-p2770447,18,760,2.37%,9.84
https://www.stz.com.br/tenis-actvitta-esportivo-masculino-tecido-preto-5193300-p2787251,17,67095,0.03%,5.14
https://www.stz.com.br/seja-voce,17,16918,0.1%,6.85
https://www.stz.com.br/marcas/skechers,17,11284,0.15%,12.19
https://www.stz.com.br/dotz,17,4538,0.37%,25.16
https://www.stz.com.br/hotsite/campanha-bolsas-acessorios?pg=2,17,3566,0.48%,2.31
https://www.stz.com.br/tenis-gabriela-casual-feminino-tiras-cruzadas-elastico-preto-5189653-p2758575,17,2984,0.57%,3.67
https://www.stz.com.br/sandalia-espadrille-gabriela-anabela-tiras-cruzadas-camurca-nude-5192674-p2783959,17,2866,0.59%,15.77
https://www.stz.com.br/cadarco-extra-infantil-stz-dois-pares-branco-5153505-p1130986,17,2454,0.69%,8.47
https://www.stz.com.br/acessorios/beleza,17,2349,0.72%,11.41
https://www.stz.com.br/sandalia-gabriela-flatform-amarracao-metalizada-dourada-5193193-p2786794,17,1977,0.86%,6.9
https://www.stz.com.br/tenis-infantil-converse-all-star-chuck-taylor-amarelo-5163494-p1659509,17,1906,0.89%,5.57
https://www.stz.com.br/nova-loja-cascavel,17,975,1.74%,8.53
https://www.stz.com.br/sandalia-vizzano-plataforma-tiras-metalizada-glitter-dourada-5198361-p2814022,16,52567,0.03%,5.36
https://www.stz.com.br/tenis-polo-energy-casual-pespontos-tecido-branco-5152176-p1108764,16,31528,0.05%,8.77
https://www.stz.com.br/sandalia-vizzano-salto-grosso-metalizado-tira-strass-preto-5198356-p2814017,16,30730,0.05%,5.73
https://www.stz.com.br/sapatilha-modare-ultraconforto-detalhe-matelasse-bege-5190392-p2764641,16,26549,0.06%,8.17
https://www.stz.com.br/bolsa-satchel-pequena-gabriela-texturizada-bege-5189420-p2757026,16,18073,0.09%,4.39
https://www.stz.com.br/calcados-femininos/oxford,16,8530,0.19%,17.4
https://www.stz.com.br/tenis-nike-revolution-6-next-nature-esportivo-feminino-preto-5190038-p2761600,16,5260,0.3%,12.79
https://www.stz.com.br/marcas/grendene-kids,16,4384,0.36%,16.48
https://www.stz.com.br/hotsite/salto,16,1652,0.97%,5.89
https://www.stz.com.br/campanha-tamancos,16,1152,1.39%,5.86
https://www.stz.com.br/marcas/iceberg,16,537,2.98%,7.16
https://www.stz.com.br/bolsa-tiracolo-infantil-gabrielinha-corrente-matelasse-dourada-5193328-p2787426,15,34088,0.04%,8.98
https://www.stz.com.br/sandalia-gabriela-essenciais-salto-grosso-pespontos-nude-5162499-p1653168,15,12396,0.12%,5.24
https://www.stz.com.br/sapatilha-boneca-slingback-gabriela-tiras-fivelas-verniz-vinho-5196934-p2804745,15,10291,0.15%,8.42
https://www.stz.com.br/peep-toe-vizzano-meia-pata-glitter-dourado-5151428-p601608,15,7509,0.2%,8.79
https://www.stz.com.br/tenis-black-free-porsche-esportivo-masculino-preto-5153693-p1133133,15,5553,0.27%,7.59
https://www.stz.com.br/sandalia-dakota-salto-grosso-tiras-cruzadas-strass-elastico-off-white-5196487-p2801607,15,3815,0.39%,06.06
https://www.stz.com.br/marcas/bottero,15,3192,0.47%,23.51
https://www.stz.com.br/marcas/penelope?pg=3,15,3039,0.49%,6.59
https://www.stz.com.br/sandalia-via-marte-salto-taca-metalizada-strass-rose-gold-5200796-p2827999,15,2434,0.62%,2.23
https://www.stz.com.br/marcas/beira-rio-conforto,15,2381,0.63%,16.33
https://www.stz.com.br/marcas/modare-ultraconforto?pg=2,15,2107,0.71%,8.51
https://www.stz.com.br/guarda-chuva-sombrinha-susino-poa-preto-5173268-p2611544,15,2026,0.74%,7.83
https://www.stz.com.br/livelo,15,1923,0.78%,30.57
https://www.stz.com.br/campanha-email-sandalias,15,1869,0.8%,6.7
https://www.stz.com.br/slide-nike-kawa-shower-preto-5140756-p80643,15,1739,0.86%,20.44
https://www.stz.com.br/tamanco-gabriela-salto-fino-preto-5149997-p600404,15,1222,1.23%,8.62
https://www.stz.com.br/bolsa-esportiva-cross-road-gym-bag-preto-5187941-p2741612,15,1121,1.34%,48.19
https://www.stz.com.br/acessorios/necessaire,15,1099,1.36%,43.44
https://www.stz.com.br/tenis-fila-stay-athleisure-esportivo-feminino-tecido-rosa-5192293-p2781694,15,776,1.93%,3.97
https://www.stz.com.br/palmilha-stz-masculino-tamanho-ajustavel-preto-5153509-p1130990,15,523,2.87%,11.03
https://www.stz.com.br/mule-vizzano-salto-fino-camurca-animal-print-caramelo-5164313-p1668255,15,354,4.24%,5.65
https://www.stz.com.br/sapato-social-broken-rules-com-fivela-preto-5141954-p155599,15,315,4.76%,5.79
https://www.stz.com.br/tenis-vizzano-flatform-feminino-camurca-preto-5110526-p1619,14,67299,0.02%,7.88
https://www.stz.com.br/tenis-asics-esportivo-streetwise-masculino-cinza-5184152-p2709279,14,39031,0.04%,06.03
https://www.stz.com.br/sandalia-gabriela-salto-grosso-tiras-cruzadas-caramelo-5197273-p2807478,14,34973,0.04%,7.73
https://www.stz.com.br/menino/sapatos,14,13352,0.1%,10.22
https://www.stz.com.br/marcas/mr-cat,14,12627,0.11%,14.28
https://www.stz.com.br/sandalia-dakota-salto-grosso-detalhe-torcao-strass-rose-5193788-p2790181,14,10703,0.13%,3.32
https://www.stz.com.br/sandalia-penelope-salto-grosso-detalhe-no-tira-cruzada-dourada-5195141-p2808679,14,9289,0.15%,3.83
https://www.stz.com.br/menino/sapatenis,14,8659,0.16%,10.77
https://www.stz.com.br/chuteira-futsal-infantil-vertus-texturizada-laranja-5195961-p2797881,14,8545,0.16%,05.06
https://www.stz.com.br/tenis-coca-cola-sense-casual-feminino-matelasse-metalizado-preto-5199990-p2823500,14,7682,0.18%,5.1
https://www.stz.com.br/tenis-penelope-casual-feminino-love-pespontos-branco-5193121-p2786587,14,6422,0.22%,4.25
https://www.stz.com.br/sandalia-beira-rio-salto-grosso-strass-glitter-rose-5194472-p2795121,14,3525,0.4%,2.31
https://www.stz.com.br/sandalia-rasteira-modare-ultraconforto-flat-elastico-pedraria-nude-5186665-p2733276,14,3257,0.43%,3.17
https://www.stz.com.br/tenis-converse-all-star-chuck-taylor-preto-5144944-p4235,14,3219,0.43%,12.84
https://www.stz.com.br/tenis-nike-precision-vi-esportivo-masculino-preto-5189363-p2756194,14,1421,0.99%,10.62
https://www.stz.com.br/tenis-infantil-nike-pico-5-branco-5145742-p178636,14,1379,1.02%,12.48
https://www.stz.com.br/sandalia-gabriela-salto-fino-amarracao-strass-preto-5194089-p2791924,14,1365,1.03%,11.2
https://www.stz.com.br/scarpin-gabriela-essenciais-salto-fino-nobuck-amarelo-5147876-p161415,14,1340,1.04%,2.55
https://www.stz.com.br/campanha-sapatilhas,14,1159,1.21%,4.86
https://www.stz.com.br/chinelo-havaianas-you-metallic-dourado-5181773-p2681871,14,1027,1.36%,4.37
https://www.stz.com.br/slide-nike-masculino-benassi-jdi-branco-5156068-p1162928,14,880,1.59%,09.08
https://www.stz.com.br/babuche-mormaii-masculino-preto-5157394-p1175257,14,830,1.69%,2.5
https://www.stz.com.br/tenis-democrata-brad-ultra-light-jogging-masculino-couro-marrom-5196283-p2800277,13,13069,0.1%,3.12
https://www.stz.com.br/chinelo-havaianas-hybrid-be-marrom-5199258-p2822588,13,9533,0.14%,6.3
https://www.stz.com.br/kit-meia-cano-curto-adidas-linear-ankle-cushioned-3-pares-35-37-branco-5192922-p2785819,13,7892,0.16%,8.57
https://www.stz.com.br/sandalia-papete-infantil-disney-mickey-mouse-carrinho-organizador-preto-5199422-p2819183,13,6483,0.2%,2.84
https://www.stz.com.br/scarpin-modare-ultraconforto-salto-grosso-preto-5167575-p1711637,13,5757,0.23%,3.58
https://www.stz.com.br/sandalia-dakota-salto-bloco-tiras-entrelacadas-strass-nude-5196512-p2801619,13,3941,0.33%,4.7
https://www.stz.com.br/marcas/coca-cola,13,3793,0.34%,29.07
https://www.stz.com.br/tenis-fila-efecto-energized-rubber-esportivo-masculino-mesh-preto-5195229-p2808564,13,3360,0.39%,5.66
https://www.stz.com.br/tamanco-modare-ultraconforto-anabela-tiras-triplas-metalizada-color-5197484-p2808778,13,3045,0.43%,1.8
https://www.stz.com.br/tamanco-modare-ultraconforto-salto-grosso-pedraria-verde-5196174-p2799649,13,2966,0.44%,2.84
https://www.stz.com.br/slide-infantil-disney-queridos-stitch-azul-5196344-p2800866,13,2880,0.45%,08.09
https://www.stz.com.br/tenis-infantil-nike-pico-5-casual-couro-preto-5173419-p2610458,13,2318,0.56%,5.56
https://www.stz.com.br/mochila-gabriela-detalhe-ziper-texturizada-preto-5183983-p2707458,13,2043,0.64%,6.95
https://www.stz.com.br/tenis-skechers-ultra-flex-2-0-mirkon-stretch-fit-masculino-preto-5195421-p2799921,13,1785,0.73%,7.9
https://www.stz.com.br/oxford-beira-rio-plataforma-pespontos-verniz-preto-5196441-p2801281,13,1171,1.11%,10.34
https://www.stz.com.br/sandalia-aranha-papete-zaxy-conectada-flatform-fecho-contato-verde-militar-5172840-p2604486,13,668,1.95%,02.01
https://www.stz.com.br/sandalia-gato-galactico-azul-com-brinde-kit-youtuber-5154542-p1146398,13,491,2.65%,11.69
https://www.stz.com.br/bota-democrata-garage-stroke-couro-marrom-5162514-p1650580,13,445,2.92%,28.14
https://www.stz.com.br/bolsa-baguete-tiracolo-pequena-gabriela-corrente-ziper-off-white-5194524-p2795286,13,397,3.27%,6.79
https://www.stz.com.br/caderno-stz-listras-color-5158037-p1181322,13,20,65%,2.45
https://www.stz.com.br/sandalia-papete-moleca-flatform-tratorada-fivela-redonda-preto-5198244-p2813265,12,97417,0.01%,6.76
https://www.stz.com.br/sandalia-rasteira-penelope-pedraria-rose-5198807-p2817616,12,19910,0.06%,4.79
https://www.stz.com.br/sandalia-vizzano-plataforma-tiras-metalizada-glitter-prata-5198360-p2814021,12,6950,0.17%,3.24
https://www.stz.com.br/acessorios/bolsas?pg=2,12,5741,0.21%,5.94
https://www.stz.com.br/marcas/moleca?pg=2,12,5446,0.22%,9.97
https://www.stz.com.br/cupom-especial30/,12,5278,0.23%,10.98
https://www.stz.com.br/sandalia-papete-infantil-dc-liga-da-justica-batman-mochila-preto-5199414-p2819169,12,4637,0.26%,6.97
https://www.stz.com.br/parceiro-fortaleza-sport-clube,12,4392,0.27%,3.68
https://www.stz.com.br/tenis-nike-air-max-excee-esportivo-masculino-preto-5145387-p83511,12,4063,0.3%,30.39
https://www.stz.com.br/tenis-asics-gel-venture-9-ortholite-esportivo-feminino-mesh-azul-5193163-p2786717,12,3966,0.3%,5.89
https://www.stz.com.br/Marcas/STZ?pg=9,12,3030,0.4%,7.43
https://www.stz.com.br/tenis-converse-all-star-chuck-taylor-cano-alto-azul-5185182-p2719335,12,2821,0.43%,16.06
https://www.stz.com.br/sandalia-penelope-salto-grosso-detalhe-no-camurca-nude-5170654-p2582329,12,2514,0.48%,4.21
https://www.stz.com.br/chinelo-havaianas-baby-brasil-logo-elastico-branco-5193805-p2791493,12,2483,0.48%,15.01
https://www.stz.com.br/tenis-fila-tr-knit-lifestyle-casual-masculino-couro-marinho-5193368-p2787676,12,2460,0.49%,12.37
https://www.stz.com.br/tenis-ollie-originals-dodge-2-cano-alto-feminino-preto-branco-color-5197621-p2810113,12,2246,0.53%,11.55
https://www.stz.com.br/sandalia-vizzano-salto-grosso-tira-rebites-fivela-caramelo-5198357-p2814018,12,1995,0.6%,03.04
https://www.stz.com.br/marcas/penelope?pg=2,12,1994,0.6%,5.63
https://www.stz.com.br/sandalia-rasteira-mississipi-detalhe-pedraria-off-white-5195488-p2807432,12,1605,0.75%,2.61
https://www.stz.com.br/campanha-moda-masculina,12,1456,0.82%,15.72
https://www.stz.com.br/pantufa-infantil-stz-alien-peluciada-verde-5188472-p2747895,12,958,1.25%,42.88
https://www.stz.com.br/sapatenis-democrata-recortes-couro-preto-5132349-p75390,12,934,1.28%,7.11
https://www.stz.com.br/campanha-sandalias-infantis,12,849,1.41%,7.31
https://www.stz.com.br/scarpin-modare-ultraconforto-aberto-anabela-elastico-preto-5192322-p2781371,12,627,1.91%,6.29
https://www.stz.com.br/slide-havaianas-aqua-tiras-cruzadas-verde-5197311-p2807662,12,372,3.23%,7.29
https://www.stz.com.br/palmilha-total-comfort-stz-dual-gel-masculino-color-5153518-p1131001,12,362,3.31%,11.74
https://www.stz.com.br/sandalia-mac-jac-tiras-fivela-camurca-verde-5183640-p2702983,12,136,8.82%,2.29
https://www.stz.com.br/tenis-infantil-molekinho-casual-recortes-azul-5197477-p2808937,11,31904,0.03%,8.75
https://www.stz.com.br/tenis-infantil-pimpolho-anatomica-casual-elastico-branco-5200149-p2825546,11,21492,0.05%,8.85
https://www.stz.com.br/sandalia-cartago-alabama-tira-contato-preto-5192461-p2782416,11,15698,0.07%,2.98
https://www.stz.com.br/bolsa-shopping-gabriela-detalhe-nos-pompom-matelasse-preto-5194660-p2795291,11,14258,0.08%,8.28
https://www.stz.com.br/acessorios/artigos-papelaria,11,11133,0.1%,26.79
https://www.stz.com.br/sandalia-papete-infantil-cartago-mini-milao-ii-tiras-contato-marinho-5199420-p2819181,11,7385,0.15%,2.53
https://www.stz.com.br/chinelo-infantil-havaianas-kids-slim-princess-moana-glitter-rose-5199131-p2819116,11,6737,0.16%,2.75
https://www.stz.com.br/sandalia-aranha-infantil-mattel-barbie-motorhome-de-brinquedo-rosa-5198221-p2813165,11,5164,0.21%,3.33
https://www.stz.com.br/tenis-fila-classic-runner-sl-retro-masculino-branco-5167838-p1717625,11,3590,0.31%,13.7
https://www.stz.com.br/tamanco-beira-rio-salto-grosso-strass-off-white-5197763-p2818924,11,3221,0.34%,8.68
https://www.stz.com.br/marcas/azaleia,11,3193,0.34%,18.49
https://www.stz.com.br/sandalia-papete-infantil-marvel-homem-aranha-helicoptero-de-brinquedo-azul-5198198-p2813163,11,2725,0.4%,5.44
https://www.stz.com.br/campanha-sandalia-e-tamanco?pg=3,11,2164,0.51%,7.97
https://www.stz.com.br/sandalia-nike-vista-masculina-tecido-preto-5186355-p2730816,11,2042,0.54%,19.42
https://www.stz.com.br/chinelo-gabriela-conforto-tira-larga-texturizado-caramelo-5193086-p2786479,11,2025,0.54%,02.02
https://www.stz.com.br/campanha-bolsas-acessorios,11,1825,0.6%,4.78
https://www.stz.com.br/menino/galochas,11,1762,0.62%,20.8
https://www.stz.com.br/tenis-fila-street-fit-2-esportivo-masculino-mesh-branco-5195055-p2809303,11,1347,0.82%,10.13
https://www.stz.com.br/chinelo-havaianas-tradicional-azul-5190147-p2762712,11,1340,0.82%,13.47
https://www.stz.com.br/tenis-nike-revolution-6-flyease-next-nature-esportivo-masculino-preto-5192972-p2785905,11,1217,0.9%,7.73
https://www.stz.com.br/chinelo-havaianas-flat-duo-preto-5178055-p2643565,11,917,1.2%,9.53
https://www.stz.com.br/chinelo-havaianas-urban-blend-marinho-5163596-p1660390,11,850,1.29%,6.17
https://www.stz.com.br/sandalia-gabriela-meia-pata-tira-larga-metalizada-dourada-5189606-p2758185,11,809,1.36%,11.16
https://www.stz.com.br/campanha-liquida-pegada-democrata,11,533,2.06%,6
https://www.stz.com.br/chinelo-olympikus-ibiza-preto-5159186-p1606768,11,495,2.22%,12.96
https://www.stz.com.br/guarda-chuva-sombrinha-susino-preto-5156883-p1168722,11,456,2.41%,18.34
https://www.stz.com.br/sandalia-gabriela-flatform-amarracao-metalizada-dourada-5182887-p2693978,11,370,2.97%,7.27
https://www.stz.com.br/tenis-olympikus-chroma-esportivo-masculino-preto-5197564-p2810413,11,320,3.44%,10
https://www.stz.com.br/bone-aba-curva-stz-feminino-deusa-bordado-azul-5186242-p2729990,11,311,3.54%,8.28
https://www.stz.com.br/slip-on-mac-jac-pespontos-tecido-corda-bege-5169382-p1888486,11,45,24.44%,1.91
https://www.stz.com.br/sandalia-rasteira-mississipi-tiras-pedraria-glitter-rose-5193866-p2790631,10,33490,0.03%,6.89
https://www.stz.com.br/mule-penelope-detalhe-fivela-nude-5193065-p2786224,10,19426,0.05%,9.17
https://www.stz.com.br/chinelo-cartago-egeu-iii-preto-5193883-p2790708,10,15716,0.06%,6.33
https://www.stz.com.br/tamanco-papete-vizzano-flatform-tratorado-tira-dupla-strass-multicolor-preto-5196633-p2802905,10,11221,0.09%,5.68
https://www.stz.com.br/sandalia-papete-infantil-patrulha-canina-mascara-skye-rosa-5199385-p2819274,10,7746,0.13%,9.32
https://www.stz.com.br/chuteira-futsal-umbro-orbit-azul-5195042-p2795960,10,7731,0.13%,6.54
https://www.stz.com.br/sandalia-rasteira-dakota-aplicacao-tiras-strass-rose-5196515-p2801623,10,7123,0.14%,2.96
https://www.stz.com.br/tenis-olympikus-atmos-evasense-esportivo-feminino-off-white-5198872-p2818180,10,6312,0.16%,15.22
https://www.stz.com.br/tenis-ollie-originals-broncos-trekking-masculino-preto-5195218-p2809336,10,6079,0.16%,8.92
https://www.stz.com.br/tenis-vertus-conforto-esportivo-feminino-elastico-tecido-cinza-5197466-p2808604,10,4903,0.2%,12.25
https://www.stz.com.br/meia-sapatilha-invisivel-feminina-trifil-fio-70-preto-5174693-p2615415,10,4420,0.23%,15.84
https://www.stz.com.br/bolsa-baguete-pequena-gabriela-meia-lua-preto-5187028-p2733946,10,3783,0.26%,16.38
https://www.stz.com.br/chuteira-society-dray-d-six-preto-5198416-p2814907,10,3520,0.28%,5.73
https://www.stz.com.br/campanha-aniversario-stz,10,3189,0.31%,22.42
https://www.stz.com.br/chinelo-havaianas-clube-de-regatas-do-flamengo-preto-5181904-p2683684,10,3154,0.32%,7.25
https://www.stz.com.br/shoulder-bag-nike-heritage-s-smit-tecido-preto-5194666-p2795314,10,3059,0.33%,6.69
https://www.stz.com.br/sandalia-papete-infantil-disney-mickey-mouse-mochila-preta-5199421-p2819160,10,2965,0.34%,5.6
https://www.stz.com.br/marcas/stz,10,2413,0.41%,6.99
https://www.stz.com.br/tenis-adidas-lite-racer-3-0-esportivo-feminino-tecido-branco-5192856-p2785042,10,2275,0.44%,6.63
https://www.stz.com.br/tenis-infantil-converse-all-star-chuck-taylor-cano-alto-pop-it-neon-verde-5199503-p2819307,10,2048,0.49%,6.33
https://www.stz.com.br/sandalia-gabriela-salto-grosso-detalhe-flor-rosa-5194388-p2794316,10,1943,0.51%,10.31
https://www.stz.com.br/sandalia-infantil-barbie-flight-aviao-da-barbie-rosa-5192487-p2782889,10,1851,0.54%,12.33
https://www.stz.com.br/conteudo/institucional,10,1784,0.56%,7.28
https://www.stz.com.br/tamanco-azaleia-plataforma-floral-rosa-5142004-p155660,10,1555,0.64%,08.07
https://www.stz.com.br/tenis-adidas-break-start-low-casual-masculino-cinza-5196954-p2804896,10,1455,0.69%,18.19
https://www.stz.com.br/tamanco-gabriela-salto-fino-detalhe-tira-larga-vinil-nude-5197789-p2815830,10,1395,0.72%,1.82
https://www.stz.com.br/scarpin-slingback-vizzano-salto-grosso-elastico-verniz-preto-5197587-p2810224,10,1261,0.79%,2.18
https://www.stz.com.br/tamanco-tchocco-salto-fino-com-laco-verniz-vermelho-5155557-p1156171,10,1061,0.94%,3.65
https://www.stz.com.br/sandalia-gabriela-anabela-tiras-cruzadas-cortica-off-white-5192743-p2784201,10,1041,0.96%,10.16
https://www.stz.com.br/tamanco-modare-ultraconforto-plataforma-matelasse-rafia-preto-5193301-p2787252,10,987,1.01%,4.39
https://www.stz.com.br/scarpin-boneca-vizzano-plataforma-tratorado-verniz-preto-5197585-p2810221,10,986,1.01%,3.94
https://www.stz.com.br/chinelo-west-coast-texturizado-marinho-5141340-p81020,10,671,1.49%,3.27
https://www.stz.com.br/mocassim-modare-ultraconforto-salto-geometrico-fivela-texturizado-caramelo-5197075-p2805682,10,575,1.74%,3.67
https://www.stz.com.br/tenis-cross-road-cybertech-esportivo-feminino-preto-5190066-p2761720,10,566,1.77%,7.18
https://www.stz.com.br/marcas/gabriela?pg=13,10,480,2.08%,3.67
https://www.stz.com.br/rasteira-papete-gabriela-flat-fivela-vazados-preto-5196171-p2799459,10,341,2.93%,3.84
https://www.stz.com.br/chinelo-olympikus-921-preto-5129250-p72552,10,220,4.55%,14.06
https://www.stz.com.br/bolsa-termica-stz-grande-estampa-divertida-azul-5126541-p69416,10,136,7.35%,14.93
https://www.stz.com.br/sandalia-mac-jac-flatform-fivelas-camurca-bege-5183628-p2702981,10,97,10.31%,1.97
https://www.stz.com.br/bolsa-termica-stz-azul-5151789-p844317,10,66,15.15%,8.76
https://www.stz.com.br/menino/tenis-esportivo,9,354469,0%,6.81
https://www.stz.com.br/bolsa-shopping-bag-grande-gabriela-essenciais-niqueleira-caramelo-5179674-p2663354,9,44461,0.02%,8.32
https://www.stz.com.br/marcas/under-armour,9,35843,0.03%,9.72
https://www.stz.com.br/chinelo-havaianas-brasil-branco-5012317-p89471,9,32207,0.03%,10.82
https://www.stz.com.br/chinelo-ipanema-masculino-anatomica-surf-azul-5155351-p1153137,9,31231,0.03%,9.31
https://www.stz.com.br/tenis-moleca-casual-feminino-detalhe-costura-ilhos-branco-5199109-p2820447,9,27559,0.03%,8.77
https://www.stz.com.br/sandalia-dakota-salto-geometrico-detalhe-pedraria-metalizado-rose-gold-5200800-p2827995,9,13141,0.07%,7.62
https://www.stz.com.br/black-friday,9,11650,0.08%,20.81
https://www.stz.com.br/tenis-converse-all-star-chuck-taylor-branco-5004938-p1339,9,8722,0.1%,9.52
https://www.stz.com.br/sandalia-modare-ultraconforto-salto-grosso-fivela-marrom-5182842-p2693298,9,6681,0.13%,4.15
https://www.stz.com.br/sandalia-papete-infantil-marvel-homem-aranha-helicoptero-de-brinquedo-marinho-5198223-p2813167,9,5308,0.17%,6.76
https://www.stz.com.br/sandalia-papete-gabriela-flatform-strass-metalizada-dourada-5197690-p2811418,9,5172,0.17%,5.5
https://www.stz.com.br/mochila-olympikus-essential-metalizada-preto-5182286-p2688313,9,4810,0.19%,10.75
https://www.stz.com.br/tenis-modare-ultraconforto-casual-feminino-strass-knit-preto-5197596-p2810237,9,3906,0.23%,3.26
https://www.stz.com.br/chinelo-kenner-kivah-tecido-preto-5193872-p2790716,9,3700,0.24%,10.52
https://www.stz.com.br/chinelo-infantil-ipanema-disney-joy-baby-stitch-perolado-azul-5200301-p2825221,9,3632,0.25%,2.95
https://www.stz.com.br/sandalia-gabriela-salto-grosso-flor-off-white-5199164-p2819595,9,3381,0.27%,4.55
https://www.stz.com.br/tenis-olympikus-esportivo-feminino-pride-3-prata-5192819-p2784748,9,2975,0.3%,8.47
https://www.stz.com.br/campanha-saltos?pg=4,9,2834,0.32%,7.9
https://www.stz.com.br/campanha-natal,9,2767,0.33%,30.69
https://www.stz.com.br/tenis-vertus-street-pespontos-tecido-branco-5178647-p2652402,9,2702,0.33%,5.59
https://www.stz.com.br/adesivo-antiderrapante-para-calcados-stz-feminino-preto-5187836-p2740654,9,2472,0.36%,8.53
https://www.stz.com.br/tenis-adidas-advantage-base-casual-masculino-branco-5192900-p2785357,9,2361,0.38%,27.43
https://www.stz.com.br/tenis-mizuno-enigma-softier-foam-esportivo-masculino-branco-5197191-p2806891,9,2360,0.38%,9.89
https://www.stz.com.br/tenis-via-marte-casual-feminino-pespontos-preto-5193576-p2789272,9,2159,0.42%,6.44
https://www.stz.com.br/sandalia-gabriela-salto-fino-tiras-amarracao-strass-off-white-5197780-p2814672,9,2137,0.42%,3.62
https://www.stz.com.br/slide-havaianas-aqua-metallic-tiras-cruzadas-rose-5197277-p2807598,9,1776,0.51%,3.35
https://www.stz.com.br/scarpin-slingback-gabriela-salto-fino-fivelas-tachas-recortes-verniz-preto-5196727-p2805126,9,1500,0.6%,7.72
https://www.stz.com.br/sapato-casual-democrata-metropolitan-bay-couro-caramelo-5162019-p1651061,9,1450,0.62%,9.8
https://www.stz.com.br/tenis-modare-ultraconforto-anabela-feminino-metalizado-knit-preto-5197077-p2805684,9,1299,0.69%,6.57
https://www.stz.com.br/marcas/stz?pg=6,9,1233,0.73%,9.1
https://www.stz.com.br/campanha-maes-dakota,9,1183,0.76%,9.99
https://www.stz.com.br/chinelo-cartago-masculino-coimbra-preto-5155468-p1154399,9,1066,0.84%,7.89
https://www.stz.com.br/tenis-gabriela-casual-feminino-tiras-cruzadas-elastico-verde-5189651-p2758573,9,1020,0.88%,7.5
https://www.stz.com.br/scarpin-vizzano-bico-fino-vazado-branco-5118330-p2049,9,999,0.9%,9.61
https://www.stz.com.br/mochila-infantil-stz-margaridas-glitter-rosa-5190829-p2770493,9,994,0.91%,9.84
https://www.stz.com.br/bolsa-tiracolo-pequena-penelope-texturizada-pink-5194315-p2793576,9,940,0.96%,04.09
https://www.stz.com.br/marcas/via-scarpa,9,885,1.02%,11.9
https://www.stz.com.br/marcas/mac-jac?pg=2,9,853,1.06%,6.43
https://www.stz.com.br/bota-democrata-trento-com-pespontos-couro-marrom-5142897-p81638,9,836,1.08%,6.75
https://www.stz.com.br/mochila-esportiva-cross-road-fivelas-verde-militar-5187789-p2741609,9,832,1.08%,24.16
https://www.stz.com.br/papete-gabriela-detalhe-tiras-hotfix-preto-5166299-p1689440,9,783,1.15%,5.93
https://www.stz.com.br/cinto-masculino-woche-pespontos-preto-5192430-p2782241,9,770,1.17%,5.68
https://www.stz.com.br/slide-kenner-kanoo-preto-5196536-p2801883,9,759,1.19%,8.81
https://www.stz.com.br/slide-nike-offcourt-preto-5140767-p80618,9,679,1.33%,14.71
https://www.stz.com.br/tamanco-gabriela-plataforma-tira-larga-jeans-azul-5192405-p2782183,9,665,1.35%,3.48
https://www.stz.com.br/tamanco-tchocco-salto-fino-detalhe-no-perfuros-branco-5175770-p2622835,9,532,1.69%,5.57
https://www.stz.com.br/scarpin-beira-rio-conforto-salto-bloco-camurca-preto-5141023-p3925,9,512,1.76%,10.95
https://www.stz.com.br/scarpin-gabriela-salto-fino-verde-5172070-p2598051,9,508,1.77%,5.59
https://www.stz.com.br/tenis-via-marte-anabela-feminino-detalhe-strass-preto-5193920-p2790903,9,485,1.86%,4.18
https://www.stz.com.br/sandalia-gabriela-flatform-detalhe-flores-rosa-5193957-p2792600,9,346,2.6%,8.85
https://www.stz.com.br/porta-cartao-feminino-gabriela-ziper-preto-5189781-p2759367,9,346,2.6%,12.69
https://www.stz.com.br/chinelo-ipanema-kirei-preto-5176271-p2627837,9,262,3.44%,5.35
https://www.stz.com.br/papete-gabriela-detalhe-flores-off-white-5165320-p1684683,9,197,4.57%,8.56
https://www.stz.com.br/galocha-zaxy-wide-plataforma-canelada-preto-5196097-p2799285,9,138,6.52%,14.8
https://www.stz.com.br/protetor-stz-para-calcanhar-incolor-5153506-p1130989,9,135,6.67%,27.94
https://www.stz.com.br/chinelo-havaianas-top-confete-glitter-color-5171638-p2597304,9,83,10.84%,4.25
https://www.stz.com.br/rasteira-penelope-detalhe-tiras-preto-necessaire-5168462-p1880873,9,43,20.93%,18.6
https://www.stz.com.br/chinelo-havaianas-slim-square-glitter-cinza-5196865-p2804510,8,28773,0.03%,9.98
https://www.stz.com.br/chinelo-ipanema-glitter-rose-5184197-p2710206,8,28617,0.03%,4.31
https://www.stz.com.br/tenis-mac-jac-casual-masculino-detalhe-perfuros-off-white-5197569-p2811123,8,25716,0.03%,8.86
https://www.stz.com.br/chinelo-gabriela-conforto-flatform-texturizado-verde-5193087-p2786480,8,24247,0.03%,9.62
https://www.stz.com.br/tenis-vertus-casual-feminino-recortes-tecido-preto-5193637-p2789246,8,22794,0.04%,7.96
https://www.stz.com.br/tenis-chunky-gabriela-perfuros-ilhos-feminino-branco-5187649-p2739121,8,21331,0.04%,8.64
https://www.stz.com.br/scarpin-slingback-bebece-salto-taca-fivela-metalizada-off-white-5199755-p2819622,8,20291,0.04%,10.21
https://www.stz.com.br/scarpin-gabriela-salto-fino-fivela-nobuck-preto-5164021-p1664137,8,19735,0.04%,8.8
https://www.stz.com.br/sandalia-rasteira-dakota-tiras-cruzadas-strass-metalizada-prata-5196532-p2801642,8,17592,0.05%,7.96
https://www.stz.com.br/tamanco-gabriela-flatform-tira-dupla-acolchoado-dourado-5195513-p2797709,8,12923,0.06%,8.54
https://www.stz.com.br/tenis-coca-cola-stream-leather-casual-feminino-metalizado-off-white-5194031-p2791587,8,12246,0.07%,8.82
https://www.stz.com.br/tenis-infantil-converse-all-star-chuck-taylor-cano-alto-tecido-rosa-5199504-p2819411,8,10523,0.08%,5.9
https://www.stz.com.br/tenis-olympikus-flit-3-esportivo-feminino-holografico-branco-5192825-p2784768,8,7956,0.1%,08.01
https://www.stz.com.br/bolsa-hobo-tiracolo-pequena-gabriela-gabi-niqueleira-off-white-5189759-p2759306,8,7925,0.1%,07.09
https://www.stz.com.br/tenis-fila-progress-lite-esportivo-feminino-preto-5198761-p2817246,8,7547,0.11%,6.53
https://www.stz.com.br/tenis-ollie-originals-kings-street-masculino-branco-5195283-p2800122,8,6594,0.12%,8.53
https://www.stz.com.br/sandalia-gabriela-essenciais-salto-grosso-detalhe-tira-nude-5156793-p1167520,8,5389,0.15%,1.94
https://www.stz.com.br/menina/babuches,8,5272,0.15%,11.04
https://www.stz.com.br/tenis-vertus-casual-masculino-pespontos-tecido-branco-5193825-p2790313,8,5016,0.16%,8.51
https://www.stz.com.br/tenis-olympikus-index-3-esportivo-masculino-preto-5192823-p2784752,8,4842,0.17%,7.71
https://www.stz.com.br/sandalia-vizzano-plataforma-tiras-detalhe-pedraria-off-white-5201553-p2831500,8,4472,0.18%,7.76
https://www.stz.com.br/acessorios/bolsas?pg=3,8,4415,0.18%,1.79
https://www.stz.com.br/tamanco-papete-vizzano-flatform-tratorado-tiras-cruzadas-strass-nude-5198372-p2814196,8,4411,0.18%,7.6
https://www.stz.com.br/tenis-infantil-converse-all-star-chuck-taylor-cano-alto-pop-it-azul-5199486-p2819405,8,4105,0.19%,5.5
https://www.stz.com.br/marcas/penelope-comfort,8,4022,0.2%,8.9
https://www.stz.com.br/shoulder-bag-puma-phase-portable-tecido-preto-5196804-p2804725,8,3952,0.2%,3.88
https://www.stz.com.br/chinelo-terra-agua-texturizada-vinho-5158389-p1184603,8,3769,0.21%,2.68
https://www.stz.com.br/rasteira-modare-ultraconforto-flat-reflex-sense-tiras-dourada-5200482-p2826311,8,3370,0.24%,3.53
https://www.stz.com.br/tenis-ollie-originals-premium-cano-alto-casual-masculino-preto-5196632-p2802781,8,3355,0.24%,6.11
https://www.stz.com.br/tenis-nike-revolution-6-next-nature-esportivo-masculino-preto-5192833-p2784924,8,3288,0.24%,13.36
https://www.stz.com.br/campanha-rasteiras-sapatilhas,8,2930,0.27%,6.7
https://www.stz.com.br/bota-motociclista-bow-river-protetor-marcha-preto-5178402-p2649076,8,2823,0.28%,20.45
https://www.stz.com.br/tenis-nike-court-vision-alta-flatform-feminino-branco-5191248-p2774009,8,2459,0.33%,20.43
https://www.stz.com.br/tenis-fila-acd-classic-lifestyle-street-masculino-preto-5192531-p2782765,8,2347,0.34%,6.65
https://www.stz.com.br/chinelo-infantil-havaianas-kids-fantasy-capivaras-lilas-5199170-p2820453,8,2308,0.35%,6.86
https://www.stz.com.br/campanha-infantil-sandalia-papete,8,2266,0.35%,9.11
https://www.stz.com.br/tamanco-penelope-salto-geometrico-caramelo-5194930-p2795866,8,2131,0.38%,5.34
https://www.stz.com.br/bolsa-porta-celular-gabriela-alca-corrente-vermelho-5198713-p2816466,8,2056,0.39%,7.19
https://www.stz.com.br/mochila-saco-adidas-tiro-league-gym-sack-preto-5192790-p2784569,8,2013,0.4%,8.31
https://www.stz.com.br/tenis-infantil-nike-pico-5-casual-couro-preto-5173430-p2610459,8,1974,0.41%,2.74
https://www.stz.com.br/sandalia-ipanema-diversa-flatform-off-white-5198783-p2817484,8,1970,0.41%,8.98
https://www.stz.com.br/bolsa-transversal-masculina-vertus-bolsos-frontais-ziper-preto-5188174-p2744169,8,1922,0.42%,34.17
https://www.stz.com.br/chuteira-infantil-futsal-dray-marvel-homem-aranha-azul-5197990-p2811556,8,1830,0.44%,3.83
https://www.stz.com.br/garrafa-squeeze-cross-road-borrifador-com-alca-preto-580ml-5172460-p2601238,8,1721,0.46%,8.7
https://www.stz.com.br/chinelo-infantil-havaianas-max-marvel-hulk-verde-5166342-p1689479,8,1703,0.47%,3.1
https://www.stz.com.br/black-friday/mochilas,8,1702,0.47%,14.18
https://www.stz.com.br/campanha-tenis-botas-infantil,8,1647,0.49%,10.1
https://www.stz.com.br/campanha-saltos,8,1544,0.52%,10.05
https://www.stz.com.br/scarpin-gabriela-essenciais-salto-fino-nobuck-preto-5142469-p3999,8,1426,0.56%,6.48
https://www.stz.com.br/tenis-converse-all-star-infantil-fecho-em-velcro-preto-5109787-p55040,8,1232,0.65%,13.53
https://www.stz.com.br/tamanco-vizzano-plataforma-detalhe-no-jeans-glitter-azul-5198341-p2814010,8,1153,0.69%,4.63
https://www.stz.com.br/tenis-adidas-runfalcon-3-0-esportivo-masculino-preto-5189776-p2759403,8,1145,0.7%,11.97
https://www.stz.com.br/marcas/comfortflex,8,1105,0.72%,30.06
https://www.stz.com.br/lencos-umedecidos-ricca-30-unidades-lata-colecionavel-5170913-p2584686,8,1068,0.75%,14.87
https://www.stz.com.br/essenciais-gabriela,8,1058,0.76%,6.77
https://www.stz.com.br/tenis-infantil-gabrielinha-cano-alto-wandinha-glitter-roxo-5192012-p2780203,8,1011,0.79%,05.04
https://www.stz.com.br/tamanco-modare-ultraconforto-anabela-texturizado-preto-5176063-p2626680,8,975,0.82%,2.1
https://www.stz.com.br/kit-meia-infantil-turma-da-monica-2-pares-31-34-vermelho-e-azul-5198984-p2818812,8,916,0.87%,10.8
https://www.stz.com.br/meia-sapatilha-invisivel-trifil-feminina-fio-70-natural-5028304-p92185,8,872,0.92%,15.03
https://www.stz.com.br/scarpin-modare-ultraconforto-salto-grosso-preto-5169247-p1890508,8,851,0.94%,9.55
https://www.stz.com.br/rasteira-dakota-tira-larga-strass-vazados-metalizada-nude-5196311-p2800391,8,796,1.01%,4.61
https://www.stz.com.br/scarpin-vizzano-salto-fino-camurca-verde-5141147-p3931,8,663,1.21%,7.45
https://www.stz.com.br/bolsa-shopping-bag-grande-gabriela-essenciais-com-carteira-texturizada-off-white-5198818-p2818199,8,617,1.3%,3.5
https://www.stz.com.br/sandalia-gabriela-essenciais-salto-fino-tira-pespontos-nude-5195232-p2805208,8,617,1.3%,5.68
https://www.stz.com.br/tenis-adidas-advantage-base-casual-feminino-branco-5184102-p2708612,8,607,1.32%,29.76
https://www.stz.com.br/marcas/gabrielinha?pg=2,8,534,1.5%,3.12
https://www.stz.com.br/tenis-modare-ultraconforto-casual-feminino-ziper-rebites-branco-5197078-p2805685,8,503,1.59%,10.02
https://www.stz.com.br/sandalia-gabriela-anabela-detalhe-elastico-nobuck-preto-5191464-p2776897,8,490,1.63%,7.24
https://www.stz.com.br/sandalia-rasteira-mississipi-detalhe-pedraria-off-white-5201552-p2831503,8,489,1.64%,2.95
https://www.stz.com.br/sandalia-usaflex-anabela-recortes-couro-color-5174496-p2614378,8,468,1.71%,16.57
https://www.stz.com.br/kit-protetor-para-pes-stz-feminino-6-pc-gel-incolor-5156608-p1166059,8,351,2.28%,19.21
https://www.stz.com.br/bota-polaina-gabriela-salto-fino-pespontos-preto-5195413-p2808034,8,323,2.48%,16.72
https://www.stz.com.br/pochete-esportiva-stz-elastico-preto-5184612-p2714149,8,298,2.68%,35.04
https://www.stz.com.br/tamanco-vizzano-salto-grosso-tiras-cruzadas-verde-5164639-p1673604,8,240,3.33%,12.67
https://www.stz.com.br/babuche-life-shoes-feminino-perfuros-off-white-5175925-p2627527,8,219,3.65%,10.29
https://www.stz.com.br/chinelo-zaxy-abracar-leveza-texturizada-nude-5163400-p1659098,8,117,6.84%,12.13
https://www.stz.com.br/scarpin-slingback-penelope-salto-grosso-elastico-off-white-5198672-p2816194,7,96018,0.01%,10.25
https://www.stz.com.br/tamanco-penelope-salto-geometrico-nobuck-preto-5194925-p2795859,7,57279,0.01%,8.15
https://www.stz.com.br/tamanco-gabriela-plataforma-tira-larga-rafia-bege-5184409-p2714259,7,33473,0.02%,8.3
https://www.stz.com.br/babuche-mormaii-vi-preto-5192757-p2784492,7,29827,0.02%,8.88
https://www.stz.com.br/tenis-mormaii-urban-3-street-masculino-branco-5188723-p2750167,7,18774,0.04%,5.6
https://www.stz.com.br/sandalia-gabriela-salto-fino-detalhe-tiras-nude-5172404-p2600932,7,17795,0.04%,8.82
https://www.stz.com.br/tenis-fila-progress-lite-jogging-esportivo-masculino-cinza-5198728-p2817862,7,12830,0.05%,6.25
https://www.stz.com.br/calcados-femininos/botas?pg=2,7,11919,0.06%,8.21
https://www.stz.com.br/tenis-olympikus-proof-3-esportivo-masculino-preto-5172284-p2600092,7,11211,0.06%,4.15
https://www.stz.com.br/bolsa-hobo-baguete-gabriela-trama-texturizada-off-white-5196392-p2801067,7,10818,0.06%,7.71
https://www.stz.com.br/bolsa-shopping-bag-penelope-detalhe-ziper-texturizada-preto-5193187-p2786807,7,10621,0.07%,7.66
https://www.stz.com.br/tenis-polo-energy-casual-detalhe-bordado-preto-5180222-p2670131,7,10342,0.07%,8.28
https://www.stz.com.br/chinelo-ipanema-classica-branco-5177812-p2640901,7,10266,0.07%,2.46
https://www.stz.com.br/bota-country-bottero-salto-bloco-cano-medio-arabesco-couro-preto-5197095-p2805702,7,8300,0.08%,9.43
https://www.stz.com.br/sandalia-rasteira-dakota-pedrarias-tresse-metalizado-caramelo-5199710-p2819484,7,6710,0.1%,8.77
https://www.stz.com.br/marcas/mississipi?pg=2,7,6547,0.11%,8.27
https://www.stz.com.br/tenis-moleca-casual-feminino-hey-girl-verniz-preto-5199180-p2822570,7,6178,0.11%,6.7
https://www.stz.com.br/tenis-nike-court-vision-low-casual-masculino-branco-5165795-p1687502,7,5919,0.12%,16.32
https://www.stz.com.br/scarpin-vizzano-salto-fino-pespontos-metalizado-dourado-5194338-p2793951,7,5741,0.12%,8.64
https://www.stz.com.br/bota-cano-alto-gabriela-salto-grosso-ziper-pespontos-preto-5196002-p2798180,7,5623,0.12%,8.91
https://www.stz.com.br/tenis-converse-all-star-chucky-taylor-cano-alto-preto-5020057-p90567,7,5494,0.13%,8.42
https://www.stz.com.br/scarpin-slingback-vizzano-salto-fino-corte-a-lazer-off-white-5202520-p2836390,7,5427,0.13%,9.45
https://www.stz.com.br/peep-toe-vizzano-meia-pata-pespontos-metalizado-preto-5178968-p2658484,7,5311,0.13%,8.51
https://www.stz.com.br/shoulder-bag-adidas-organizer-essentials-tecido-preto-5192791-p2784570,7,5173,0.14%,06.01
https://www.stz.com.br/sandalia-mississipi-salto-grosso-tresse-rose-5196208-p2799521,7,5109,0.14%,5.98
https://www.stz.com.br/tenis-converse-all-star-chuck-taylor-bege-5167328-p1691658,7,4767,0.15%,7.7
https://www.stz.com.br/sandalia-vizzano-salto-fino-tiras-cruzadas-pedrarias-verniz-bege-5200207-p2824961,7,4765,0.15%,2.33
https://www.stz.com.br/stz-friday-oferta-rasteiras,7,4409,0.16%,6.4
https://www.stz.com.br/black-friday/papete,7,4353,0.16%,7.38
https://www.stz.com.br/scarpin-gabriela-salto-fino-detalhe-pespontos-marrom-5187832-p2740376,7,3511,0.2%,2.37
https://www.stz.com.br/tenis-nike-revolution-6-next-nature-esportivo-feminino-branco-5194494-p2795063,7,3425,0.2%,11.45
https://www.stz.com.br/mocassim-beira-rio-salto-bloco-tiras-entrelacadas-strass-holografico-preto-5197106-p2805713,7,3413,0.21%,6.63
https://www.stz.com.br/campanha-nova-colecao,7,3314,0.21%,69.43
https://www.stz.com.br/tenis-vertus-street-masculino-detalhe-recortes-branco-5189815-p2759621,7,3295,0.21%,7.43
https://www.stz.com.br/chapeu-stz-bucket-tecido-azul-5186247-p2729995,7,3270,0.21%,2.81
https://www.stz.com.br/sandalia-papete-modare-ultraconforto-flatform-elastico-metalizada-caramelo-5176344-p2627945,7,3134,0.22%,4.71
https://www.stz.com.br/tenis-converse-all-star-cano-alto-chuck-taylor-lift-branco-5179833-p2665142,7,3076,0.23%,19.92
https://www.stz.com.br/sandalia-modare-ultraconforto-flatform-pedraria-elastico-nude-5199752-p2819540,7,3055,0.23%,04.05
https://www.stz.com.br/tenis-de-rodinha-infantil-cross-road-cano-alto-led-neon-preto-5193455-p2788117,7,2837,0.25%,10.47
https://www.stz.com.br/bota-coturno-ollie-originals-worker-tratorada-camurca-preto-5195093-p2807861,7,2822,0.25%,7.39
https://www.stz.com.br/sandalia-vizzano-plataforma-meia-pata-fivela-glitter-rose-5198362-p2814023,7,2795,0.25%,2.24
https://www.stz.com.br/tenis-adidas-duramo-rc-esportivo-feminino-branco-5192854-p2784997,7,2781,0.25%,06.03
https://www.stz.com.br/sapatilha-moleca-confort-tecido-preto-5007081-p88876,7,2737,0.26%,3.65
https://www.stz.com.br/sandalia-papete-infantil-disney-minnie-mouse-tira-contato-mochila-rosa-5199386-p2819640,7,2727,0.26%,3.24
https://www.stz.com.br/sandalia-vizzano-salto-fino-tira-fivela-pespontos-verniz-preto-5198328-p2813997,7,2664,0.26%,4.23
https://www.stz.com.br/bolsa-clutch-soft-com-alca-gabriela-ouro-5199642-p2819518,7,2568,0.27%,6.11
https://www.stz.com.br/chinelo-havaianas-brasil-light-branco-5190159-p2762544,7,2549,0.27%,22.62
https://www.stz.com.br/chinelo-havaianas-track-go-preto-5198257-p2813443,7,2531,0.28%,6.25
https://www.stz.com.br/bota-over-the-knee-gabriela-salto-bloco-amarracao-preto-5195534-p2809379,7,2506,0.28%,16.18
https://www.stz.com.br/tenis-converse-all-star-lift-flatform-cano-alto-preto-5163271-p1658442,7,2453,0.29%,18.69
https://www.stz.com.br/sandalia-bebece-meia-pata-fivela-pespontos-caramelo-5192583-p2783132,7,2410,0.29%,4.59
https://www.stz.com.br/calcados-femininos?pg=4,7,2330,0.3%,9.25
https://www.stz.com.br/chuteira-society-dray-d-six-verde-neon-preto-color-5198415-p2814906,7,2321,0.3%,6.11
https://www.stz.com.br/sandalia-gabriela-salto-bloco-tiras-pedraria-elastico-preto-5198472-p2815211,7,2196,0.32%,7.61
https://www.stz.com.br/tenis-mizuno-street-wind-casual-masculino-preto-5197266-p2807222,7,2042,0.34%,8.2
https://www.stz.com.br/scarpin-gabriela-aberto-salto-fino-amarracao-branco-5154071-p1140555,7,2006,0.35%,11.88
https://www.stz.com.br/mocassim-gabriela-plataforma-tratorado-fivela-preto-5188446-p2747046,7,1870,0.37%,19.79
https://www.stz.com.br/sandalia-beira-rio-salto-grosso-drapeada-metalizada-caramelo-5183802-p2704997,7,1776,0.39%,3.29
https://www.stz.com.br/tamanco-vizzano-plataforma-tratorado-tiras-largas-cruzadas-dourado-5196537-p2801912,7,1656,0.42%,4.22
https://www.stz.com.br/mascara-repositora-eudora-siage-regeneracao-pos-quimica-250ml-5186395-p2730984,7,1616,0.43%,24.77
https://www.stz.com.br/rasteira-mississipi-tira-dupla-pedraria-strass-dourada-5199670-p2819541,7,1508,0.46%,1.56
https://www.stz.com.br/sandalia-aranha-zaxy-be-yourself-transparente-5157027-p1169798,7,1471,0.48%,5.92
https://www.stz.com.br/slide-nike-victori-one-preto-5170494-p2580372,7,1471,0.48%,7.74
https://www.stz.com.br/bolsa-esportiva-olympikus-gym-bag-sm-preto-5191862-p2779630,7,1409,0.5%,10.3
https://www.stz.com.br/tamanco-beira-rio-conforto-plataforma-com-fivela-bege-5154323-p1145801,7,1399,0.5%,2.29
https://www.stz.com.br/scarpin-modare-ultraconforto-salto-fino-trama-preto-5195285-p2808618,7,1364,0.51%,8.25
https://www.stz.com.br/sandalia-marvel-homem-de-ferro-preto-com-mochila-de-brinde-5152255-p1108847,7,1329,0.53%,10.37
https://www.stz.com.br/bolsa-tiracolo-pequena-gabriela-pedraria-corrente-prata-5182778-p2693103,7,1318,0.53%,13.99
https://www.stz.com.br/tenis-penelope-casual-vespa-listras-branco-5116403-p1867,7,1302,0.54%,8.33
https://www.stz.com.br/almofada-de-pescoco-stz-preto-5135227-p78266,7,1236,0.57%,20.83
https://www.stz.com.br/campanha-sapatilha-scarpin?pg=7,7,1234,0.57%,6.71
https://www.stz.com.br/tenis-fila-step-esportivo-masculino-preto-5198737-p2817867,7,1170,0.6%,5.35
https://www.stz.com.br/tenis-infantil-nike-pico-5-casual-couro-branco-5173441-p2610462,7,1093,0.64%,15.2
https://www.stz.com.br/bolsa-tiracolo-masculina-mac-jac-quadrada-texturizada-preto-5189312-p2755855,7,1041,0.67%,17.34
https://www.stz.com.br/bolsa-shopping-bag-gabriela-off-white-5198850-p2817709,7,990,0.71%,5.96
https://www.stz.com.br/campanha-tal-pai-tal-filho,7,984,0.71%,10.67
https://www.stz.com.br/carteira-stz-masculino-couro-preto-5123936-p66229,7,968,0.72%,17.06
https://www.stz.com.br/marcas/molekinha?pg=2,7,957,0.73%,5.88
https://www.stz.com.br/garrafa-com-canudo-stz-transparente-preto-5187640-p2739097,7,949,0.74%,10.89
https://www.stz.com.br/livelo-regulamento,7,914,0.77%,39.17
https://www.stz.com.br/babuche-rider-perfuros-preto-5193159-p2786891,7,898,0.78%,8.53
https://www.stz.com.br/marcas/penelope?pg=6,7,884,0.79%,5.51
https://www.stz.com.br/tenis-olympikus-evasense-esportivo-masculino-branco-5198791-p2817945,7,821,0.85%,7.5
https://www.stz.com.br/cadarco-extra-stz-dois-pares-xadrez-preto-5159270-p1607401,7,802,0.87%,6.74
https://www.stz.com.br/guarda-chuva-sombrinha-susino-preto-5181855-p2684445,7,774,0.9%,8.7
https://www.stz.com.br/chinelo-rider-r1-speed-preto-5149479-p163643,7,699,1%,7.56
https://www.stz.com.br/sandalia-via-marte-salto-taca-tiras-cruzadas-strass-prata-5195162-p2802340,7,682,1.03%,8.41
https://www.stz.com.br/chinelo-infantil-havaianas-masha-e-o-urso-azul-5174774-p2615972,7,651,1.08%,09.05
https://www.stz.com.br/bota-coturno-masculina-polonni-marrom-5074882-p117548,7,646,1.08%,22.16
https://www.stz.com.br/cadarco-extra-stz-dois-pares-branco-5153503-p1130984,7,630,1.11%,25.18
https://www.stz.com.br/cadarco-extra-infantil-stz-dois-pares-color-5159273-p1607404,7,606,1.16%,9.67
https://www.stz.com.br/almofada-de-pescoco-stz-peluciada-preto-5143657-p157028,7,595,1.18%,16.37
https://www.stz.com.br/ankle-boot-vizzano-anabela-textura-croco-preto-5195989-p2798178,7,547,1.28%,9.98
https://www.stz.com.br/tamanco-piccadilly-anabela-com-laco-preto-5150187-p600565,7,492,1.42%,22.51
https://www.stz.com.br/tenis-fila-trend-3-0-training-esportivo-feminino-mesh-marinho-5193147-p2786616,7,480,1.46%,9.88
https://www.stz.com.br/sandalia-mr-cat-splash-eva-fivelas-masculino-preto-5180693-p2672134,7,475,1.47%,4.88
https://www.stz.com.br/campanha-personagens,7,470,1.49%,10.73
https://www.stz.com.br/tenis-fila-trend-3-0-training-esportivo-masculino-marinho-5193046-p2786150,7,468,1.5%,5.39
https://www.stz.com.br/sapatilha-santinelli-bico-fino-detalhe-strass-pingente-coracao-preto-5199350-p2819262,7,435,1.61%,5.73
https://www.stz.com.br/sandalia-gabriela-plataforma-tiras-cruzadas-verde-5193395-p2787972,7,428,1.64%,8.46
https://www.stz.com.br/babuche-infantil-cartago-mini-orlando-marrom-5182158-p2686723,7,385,1.82%,6.22
https://www.stz.com.br/sandalia-marvel-capitao-america-azul-com-mochila-de-brinde-5152461-p1109060,7,378,1.85%,10.28
https://www.stz.com.br/mocassim-moleca-flow-detalhe-perfuros-nude-5194336-p2793949,7,283,2.47%,8.51
https://www.stz.com.br/tamanco-beira-rio-plataforma-metalizado-detalhe-corrente-preto-5197758-p2813032,7,254,2.76%,7.83
https://www.stz.com.br/tenis-vertus-cano-alto-street-masculino-logo-preto-5193414-p2787922,7,236,2.97%,8.87
https://www.stz.com.br/mochila-bow-river-tecido-verde-militar-5173746-p2612772,7,231,3.03%,24.49
https://www.stz.com.br/tenis-kolosh-sport-style-feminino-knit-preto-5190292-p2763753,7,179,3.91%,14.82
https://www.stz.com.br/bota-bow-river-pro-terra-adventure-pespontos-nobuck-grafite-5170181-p2421980,7,156,4.49%,7.86
https://www.stz.com.br/bone-stz-aba-curva-alabama-bordado-marinho-5188506-p2747602,7,155,4.52%,05.08
https://www.stz.com.br/sandalia-gabriela-plataforma-no-tresse-metalizada-bege-5195585-p2810335,7,148,4.73%,4.57
https://www.stz.com.br/planner-stz-minha-semana-bege-5157524-p1177402,7,143,4.9%,9.24
https://www.stz.com.br/tamanco-gabriela-flatform-tira-acolchoada-off-white-5186111-p2728170,7,134,5.22%,13.23
https://www.stz.com.br/sapatilha-moleca-texturizada-detalhe-coracao-off-white-5202131-p2834474,7,25,28%,5.68
https://www.stz.com.br/menina/tenis-esportivo,6,339815,0%,6.65
https://www.stz.com.br/sandalia-penelope-salto-grosso-detalhe-no-tira-cruzada-off-white-5197749-p2817492,6,77666,0.01%,8.51
https://www.stz.com.br/scarpin-gabriela-essenciais-salto-fino-vermelho-5166366-p1689504,6,47119,0.01%,10.02
https://www.stz.com.br/tenis-polo-energy-casual-detalhe-perfuros-bege-5166988-p1690127,6,36495,0.02%,9.23
https://www.stz.com.br/sandalia-pegada-anilina-perfuros-couro-marrom-5177388-p2636311,6,26211,0.02%,9.28
https://www.stz.com.br/tenis-infantil-molekinha-jogging-tira-contato-glitter-led-color-5197479-p2809033,6,24808,0.02%,09.03
https://www.stz.com.br/tenis-olympikus-acqua-esportivo-feminino-bege-5195445-p2809366,6,18061,0.03%,7.88
https://www.stz.com.br/tenis-vertus-jogging-masculino-tecido-preto-5197005-p2805501,6,15578,0.04%,6.62
https://www.stz.com.br/mule-gabriela-detalhe-recortes-vinho-5196735-p2803490,6,11894,0.05%,8.95
https://www.stz.com.br/tenis-olympikus-atmos-esportivo-feminino-rosa-5172273-p2598989,6,11198,0.05%,5.84
https://www.stz.com.br/sandalia-gabriela-salto-fino-tiras-cruzadas-pedraria-fivela-prata-5197771-p2814668,6,9185,0.07%,8.63
https://www.stz.com.br/tenis-ollie-originals-rocky-street-masculino-nobuck-preto-5195280-p2800271,6,8992,0.07%,04.04
https://www.stz.com.br/bota-coturno-dakota-plataforma-detalhe-pespontos-preto-5197318-p2807774,6,7915,0.08%,10.24
https://www.stz.com.br/sandalia-gabriela-essenciais-salto-grosso-lurex-preto-5162751-p1653179,6,6438,0.09%,12.26
https://www.stz.com.br/black-friday/tenis/nike,6,6328,0.09%,18.77
https://www.stz.com.br/sandalia-gabriela-salto-grosso-flor-metalizada-cortica-dourada-5198930-p2818326,6,6141,0.1%,3.67
https://www.stz.com.br/tenis-nike-court-royale-2-casual-masculino-preto-5170542-p2580721,6,5931,0.1%,11.86
https://www.stz.com.br/slide-cartago-alabama-tiras-cruzadas-marrom-5191977-p2780032,6,5691,0.11%,8.56
https://www.stz.com.br/sapato-social-democrata-prime-couro-preto-5144588-p82825,6,5281,0.11%,8.47
https://www.stz.com.br/cinto-feminino-gabriela-fivela-redonda-preto-5195271-p2802604,6,4849,0.12%,3.72
https://www.stz.com.br/bolsa-hobo-grande-penelope-detalhe-ziper-texturizada-preto-5193189-p2786809,6,4753,0.13%,9.61
https://www.stz.com.br/tenis-modare-ultraconforto-gel-tech-anabela-feminino-marinho-5193550-p2788659,6,4722,0.13%,3.38
https://www.stz.com.br/tenis-kolosh-sport-style-touch-casual-feminino-branco-5190426-p2765148,6,4042,0.15%,7.82
https://www.stz.com.br/tenis-adidas-runfalcon-3-0-esportivo-feminino-preto-5189820-p2759716,6,4011,0.15%,11.35
https://www.stz.com.br/marcas/new-balance,6,3931,0.15%,26.78
https://www.stz.com.br/hotsite/bolsas-sandalias,6,3603,0.17%,7
https://www.stz.com.br/meiao-de-futebol-infantil-umbro-classic-30-35-preto-5189997-p2761317,6,3511,0.17%,9.39
https://www.stz.com.br/chuteira-futsal-topper-dominator-3-lt-preto-5192580-p2783129,6,3484,0.17%,20.83
https://www.stz.com.br/tenis-olympikus-diffuse-5-esportivo-masculino-knit-verde-militar-5192802-p2784764,6,3323,0.18%,10.73
https://www.stz.com.br/marcas/puma,6,3231,0.19%,20.93
https://www.stz.com.br/chinelo-infantil-havaianas-kids-disney-pixar-carros-mcqueen-branco-5199150-p2819120,6,3009,0.2%,4.36
https://www.stz.com.br/bota-coturno-pegada-tratorado-couro-marrom-5159623-p1614547,6,2819,0.21%,13.71
https://www.stz.com.br/tenis-nike-court-royale-2-mid-cano-alto-masculino-preto-5192838-p2784951,6,2752,0.22%,7.45
https://www.stz.com.br/tenis-adidas-runfalcon-3-0-esportivo-feminino-azul-5196890-p2804403,6,2611,0.23%,6.55
https://www.stz.com.br/tenis-cross-road-esportivo-masculino-molas-tecido-prata-5187758-p2739919,6,2608,0.23%,6.94
https://www.stz.com.br/chuteira-futsal-dray-d-six-azul-preto-color-5198490-p2815357,6,2597,0.23%,5.36
https://www.stz.com.br/sandalia-rasteira-infantil-pink-cats-pedraria-perolas-dourada-5200407-p2825887,6,2571,0.23%,6.57
https://www.stz.com.br/sandalia-via-marte-salto-taca-tiras-cruzadas-strass-ouro-5200883-p2828403,6,2457,0.24%,07.01
https://www.stz.com.br/tenis-ollie-originals-space-2-flatform-feminino-listras-holografico-preto-5199366-p2819162,6,2402,0.25%,4.56
https://www.stz.com.br/tenis-dakota-jogging-tratorado-feminino-perfuros-off-white-5197715-p2813946,6,2292,0.26%,8.98
https://www.stz.com.br/scarpin-modare-ultraconforto-salto-fino-matelasse-caramelo-5175107-p2618236,6,2249,0.27%,4.55
https://www.stz.com.br/chinelo-havaianas-slim-square-velvet-animal-print-caramelo-5197379-p2808466,6,2236,0.27%,7.31
https://www.stz.com.br/menina/sandalias?pg=3,6,2197,0.27%,9.68
https://www.stz.com.br/chinelo-havaianas-brasil-logo-branco-5179773-p2664509,6,2186,0.27%,14.14
https://www.stz.com.br/tenis-moleca-casual-feminino-pespontos-preto-5191613-p2778514,6,2152,0.28%,2.41
https://www.stz.com.br/chuteira-society-umbro-warskin-multicolor-branco-5192519-p2785481,6,1990,0.3%,7.88
https://www.stz.com.br/chinelo-havaianas-slim-square-preto-5181902-p2683682,6,1895,0.32%,9.86
https://www.stz.com.br/shampoo-eudora-siage-acelera-o-crescimento-250ml-5186381-p2730905,6,1882,0.32%,26.51
https://www.stz.com.br/tenis-olympikus-subverse-esportivo-masculino-verde-militar-5192818-p2784747,6,1779,0.34%,2.84
https://www.stz.com.br/sapatilha-alpargata-moleca-trama-pespontos-preto-5197101-p2805708,6,1745,0.34%,12
https://www.stz.com.br/calcados-femininos/sandalias?pg=9,6,1707,0.35%,1.3
https://www.stz.com.br/tenis-converse-all-star-chuck-taylor-flatform-tecido-branco-5110644-p56207,6,1684,0.36%,5.4
https://www.stz.com.br/tenis-penelope-chunky-feminino-tratorado-verniz-branco-5124048-p2377,6,1667,0.36%,8.92
https://www.stz.com.br/campanha-tenis-ollie,6,1649,0.36%,07.08
https://www.stz.com.br/chinelo-ipanema-bandeira-brasil-masculino-branco-5186207-p2729492,6,1646,0.36%,14.63
https://www.stz.com.br/scarpin-boneca-gabriela-salto-geometrico-verniz-vermelho-5196230-p2799751,6,1516,0.4%,03.03
https://www.stz.com.br/chinelo-infantil-havaianas-kids-fantasy-unicornio-pink-5191934-p2779837,6,1512,0.4%,9.36
https://www.stz.com.br/garrafa-com-canudo-stz-transparente-roxa-5188939-p2754044,6,1508,0.4%,7.58
https://www.stz.com.br/rasteira-moleca-flat-tiras-largas-camurca-nude-5197871-p2819379,6,1446,0.41%,2.21
https://www.stz.com.br/kit-viagem-stz-oito-itens-branco-5171564-p2593471,6,1403,0.43%,50.04
https://www.stz.com.br/campanha-liquida-infantil,6,1341,0.45%,39.47
https://www.stz.com.br/marcas/moleca?pg=3,6,1307,0.46%,10.75
https://www.stz.com.br/chinelo-infantil-cartago-mini-ii-baby-multicolor-elastico-marinho-5200005-p2824571,6,1306,0.46%,2.92
https://www.stz.com.br/sandalia-espadrille-vizzano-rafia-off-white-preto-5200598-p2827317,6,1300,0.46%,4.45
https://www.stz.com.br/chinelo-havaianas-urban-basic-material-verde-militar-5191481-p2777018,6,1272,0.47%,6.81
https://www.stz.com.br/bolsa-tote-media-gabriela-essenciais-texturizada-caramelo-5185776-p2724641,6,1266,0.47%,5.33
https://www.stz.com.br/sandalia-modare-ultraconforto-tiras-cruzadas-nude-5200520-p2826489,6,1252,0.48%,5.15
https://www.stz.com.br/mule-vizzano-vazados-strass-lurex-rosa-5167563-p1711621,6,1205,0.5%,9.33
https://www.stz.com.br/hotsite/sapatenis-masculinos,6,1169,0.51%,10.56
https://www.stz.com.br/bolsa-hobo-baguete-gabriela-trama-texturizada-bege-5196391-p2801066,6,1140,0.53%,5.43
https://www.stz.com.br/sandalia-bebece-meia-pata-detalhe-tiras-off-white-5169403-p1888621,6,1110,0.54%,8.72
https://www.stz.com.br/sandalia-papete-zaxy-flatform-way-preto-5145613-p158744,6,1083,0.55%,04.05
https://www.stz.com.br/sandalia-papete-zaxy-blink-sand-marrom-5202904-p2838264,6,1070,0.56%,12.57
https://www.stz.com.br/tenis-infantil-pimpolho-comfy-jogging-pespontos-tecido-marinho-5182852-p2693476,6,1060,0.57%,4.55
https://www.stz.com.br/tenis-mormaii-soul-ultra-flexxxa-esportivo-masculino-preto-5197655-p2811259,6,1060,0.57%,5.72
https://www.stz.com.br/acoes-externas-ndtv,6,1033,0.58%,10.03
https://www.stz.com.br/scarpin-slingback-penelope-salto-grosso-elastico-nude-5198670-p2816186,6,1025,0.59%,2.17
https://www.stz.com.br/tenis-infantil-converse-all-star-chuck-taylor-cano-alto-amarelo-5163412-p1659737,6,1012,0.59%,12.48
https://www.stz.com.br/chinelo-infantil-havaianas-baby-marvel-hulk-elastico-verde-5195002-p2795917,6,990,0.61%,3.93
https://www.stz.com.br/sandalia-gabriela-salto-fino-strass-metalizada-dourada-5176735-p2629633,6,972,0.62%,17
https://www.stz.com.br/bolsa-tiracolo-pequena-gabriela-barbicacho-tecido-bege-5197291-p2807435,6,943,0.64%,9.11
https://www.stz.com.br/sandalia-papete-infantil-disney-diversao-toy-story-woody-color-5199361-p2819149,6,926,0.65%,2.73
https://www.stz.com.br/campanha-sapato-infantil,6,924,0.65%,7.44
https://www.stz.com.br/marcas/west-coast,6,923,0.65%,15.7
https://www.stz.com.br/chuteira-campo-oxn-speed-3-marinho-5135706-p78858,6,915,0.66%,5.35
https://www.stz.com.br/sandalia-aranha-moleca-flatform-tratorada-preto-5202775-p2837725,6,868,0.69%,1.95
https://www.stz.com.br/tenis-dakota-street-refresh-impulse-flatform-feminino-ilhos-metalizados-branco-5197714-p2813413,6,822,0.73%,4.38
https://www.stz.com.br/sapatenis-mr-cat-masculino-recorte-preto-5180586-p2671168,6,817,0.73%,12.07
https://www.stz.com.br/chuteira-infantil-futsal-dray-marvel-homem-aranha-preto-5193473-p2788378,6,811,0.74%,5.68
https://www.stz.com.br/sandalia-aranha-vizzano-salto-grosso-metalizada-dourada-5196448-p2801491,6,800,0.75%,8.21
https://www.stz.com.br/bota-coturno-moleca-flatform-pespontos-verniz-preto-5193847-p2790344,6,793,0.76%,14.54
https://www.stz.com.br/tenis-ollie-originals-space-2-flatform-feminino-listras-holografico-branco-5199363-p2819177,6,783,0.77%,2.76
https://www.stz.com.br/scarpin-vizzano-aberto-salto-fino-decote-corrente-strass-branco-5200532-p2826594,6,781,0.77%,8.37
https://www.stz.com.br/sapatenis-ferracini-buzios-fly-levite-couro-preto-5194901-p2795837,6,772,0.78%,6.37
https://www.stz.com.br/bolsa-esportiva-olympikus-gym-bag-sm-preto-5195290-p2807799,6,768,0.78%,3.81
https://www.stz.com.br/bota-coturno-infantil-patrulha-canina-adventure-pups-chase-elastico-azul-5198130-p2812344,6,768,0.78%,6.74
https://www.stz.com.br/conteudo/ajuda-e-suporte/politica-de-privacidade,6,762,0.79%,17.79
https://www.stz.com.br/open-ankle-boot-bebece-salto-grosso-pespontos-preto-5196196-p2799701,6,761,0.79%,12.08
https://www.stz.com.br/sapato-social-ferracini-comfort-couro-preto-5164240-p1666975,6,760,0.79%,16.44
https://www.stz.com.br/leque-stz-arco-iris-color-5152173-p1108762,6,753,0.8%,46.83
https://www.stz.com.br/tenis-ollie-originals-virtus-esportivo-masculino-preto-5195281-p2800084,6,743,0.81%,3.35
https://www.stz.com.br/mochila-clio-style-have-fun-summertime-arco-iris-rosa-5193699-p2789598,6,721,0.83%,10.64
https://www.stz.com.br/tenis-mizuno-jet-6-esportivo-feminino-preto-5193155-p2786873,6,721,0.83%,19.07
https://www.stz.com.br/rasteira-gabriela-essenciais-vazados-rosa-5199963-p2823425,6,689,0.87%,4.74
https://www.stz.com.br/dia-das-maes,6,664,0.9%,23.06
https://www.stz.com.br/sandalia-rasteira-gabriela-amarracao-em-corda-rafia-bege-5201263-p2830549,6,656,0.91%,1.99
https://www.stz.com.br/tenis-vertus-casual-cano-alto-recortes-feminino-preto-5188292-p2745657,6,653,0.92%,23.74
https://www.stz.com.br/papete-infantil-patrulha-canina-icons-texturizado-azul-5165361-p1680595,6,618,0.97%,2.64
https://www.stz.com.br/sandalia-aranha-infantil-barbie-duo-glitter-verde-5199380-p2819272,6,604,0.99%,9.46
https://www.stz.com.br/babuche-infantil-disney-animation-mickey-amigos-pin-removivel-pink-5194248-p2793079,6,548,1.09%,4.69
https://www.stz.com.br/dockside-mr-cat-masculino-pespontos-tecido-marinho-5180575-p2671186,6,539,1.11%,5.75
https://www.stz.com.br/chinelo-infantil-ipanema-a-casa-magica-da-gabby-pink-5184186-p2710202,6,526,1.14%,9.21
https://www.stz.com.br/bolsa-shopping-bag-gabriela-essenciais-niqueleira-marinho-5185773-p2724476,6,520,1.15%,7.74
https://www.stz.com.br/sandalia-gabriela-essenciais-salto-fino-pespontos-vermelho-5193980-p2791367,6,506,1.19%,10.97
https://www.stz.com.br/sandalia-beira-rio-salto-taca-recorte-pedraria-preto-5193853-p2790350,6,481,1.25%,11.13
https://www.stz.com.br/slide-havaianas-aqua-metallic-tiras-cruzadas-preto-5197312-p2807663,6,460,1.3%,3.8
https://www.stz.com.br/campanha-liquida-vizzano,6,443,1.35%,8.59
https://www.stz.com.br/slip-on-democrata-denim-clash-couro-preto-5194937-p2795901,6,438,1.37%,10.83
https://www.stz.com.br/carteira-masculina-cartago-recortes-tecido-cinza-5173358-p2609836,6,435,1.38%,5.33
https://www.stz.com.br/bota-coturno-pegada-tratorada-recortes-couro-preto-5188659-p2749653,6,399,1.5%,15.3
https://www.stz.com.br/bone-aba-curva-stz-feminino-bonita-bordado-rosa-5181940-p2684384,6,382,1.57%,27.51
https://www.stz.com.br/mocassim-mule-democrata-smith-ultralight-couro-marrom-5181826-p2682476,6,352,1.7%,11.01
https://www.stz.com.br/sandalia-gabriela-flatform-amarracao-aplicacao-nos-off-white-5185289-p2721950,6,345,1.74%,9.94
https://www.stz.com.br/slide-marvel-vingadores-capitao-america-azul-5132102-p75277,6,344,1.74%,8.24
https://www.stz.com.br/chinelo-pegada-couro-marrom-5108577-p53352,6,344,1.74%,31.52
https://www.stz.com.br/sandalia-rasteira-ipanema-go-style-preto-5192999-p2786367,6,239,2.51%,08.05
https://www.stz.com.br/kit-meia-cano-baixo-esportiva-cross-road-3-pares-39-43-branco-5190851-p2769634,6,198,3.03%,5.59
https://www.stz.com.br/tenis-vertus-cano-alto-masculino-nobuck-diamond-grafite-5188266-p2745647,6,195,3.08%,10.74
https://www.stz.com.br/chinelo-infantil-havaianas-baby-palette-glow-roxo-5181900-p2683680,6,183,3.28%,7.65
https://www.stz.com.br/protetor-para-calcado-stz-42-ao-45-impermeavel-marrom-5164618-p1672563,6,164,3.66%,15.69
https://www.stz.com.br/planner-365-dias-stz-felicidade-frutas-tropical-color-5163337-p1658762,6,161,3.73%,5.2
https://www.stz.com.br/pasta-executiva-mac-jac-notebook-preto-5187337-p2736479,6,157,3.82%,9.66
https://www.stz.com.br/sandalia-aranha-infantil-zaxy-nina-fofura-holografica-glitter-prata-5193587-p2789417,6,136,4.41%,6.25
https://www.stz.com.br/slide-infantil-ipanema-encanto-baby-elastico-azul-5194325-p2793956,6,122,4.92%,5.65
https://www.stz.com.br/sandalia-gabriela-salto-grosso-tiras-cruzadas-tachas-preto-5197145-p2806097,6,114,5.26%,15.19
https://www.stz.com.br/babuche-infantil-luelua-unicornio-perfuros-rosa-5171059-p2587727,6,99,6.06%,5.63
https://www.stz.com.br/necessaire-stz-com-uma-divisao-preto-5143667-p157041,6,91,6.59%,4.97
https://www.stz.com.br/chinelo-havaianas-slim-cactos-verde-5172406-p2600969,6,90,6.67%,2.7
https://www.stz.com.br/sapatilha-mac-jac-pespontos-tecido-verde-5178608-p2653094,6,87,6.9%,17.49
https://www.stz.com.br/espadrille-gabriela-anabela-detalhe-recorte-linho-bege-5193992-p2791492,6,81,7.41%,5.53
https://www.stz.com.br/botina-campus-couro-mostarda-5066493-p176525,6,74,8.11%,9
https://www.stz.com.br/scarpin-beira-rio-anabela-camurca-preto-5175159-p2618243,6,56,10.71%,11.55
https://www.stz.com.br/kit-potinho-de-esponjas-para-maquiagem-gabriela-beauty-rosa-5187130-p2735087,6,48,12.5%,7.81
https://www.stz.com.br/tamanco-gabriela-flatform-tira-dupla-acolchoado-marrom-5195512-p2797708,6,41,14.63%,4.71
https://www.stz.com.br/bota-coturno-iceberg-detalhe-ziper-nobuck-preto-5158866-p1348103,6,36,16.67%,7.58
https://www.stz.com.br/marcas/molekinha?pg=4,6,34,17.65%,11.88
https://www.stz.com.br/scarpin-slingback-gabriela-salto-geometrico-detalhe-pesponto-marrom-5200890-p2828414,5,91370,0.01%,10.18
https://www.stz.com.br/chinelo-havaianas-feminino-slim-glitter-ii-preto-5165035-p1677658,5,84584,0.01%,10.1
https://www.stz.com.br/sandalia-papete-vizzano-flatform-tratorada-pedraria-preto-5198367-p2814191,5,64281,0.01%,6.56
https://www.stz.com.br/rasteira-gabriela-essenciais-vazados-caramelo-5192715-p2783974,5,47686,0.01%,8.86
https://www.stz.com.br/sandalia-papete-gabriela-flatform-tiras-cruzadas-strass-off-white-5197679-p2811417,5,41289,0.01%,8.28
https://www.stz.com.br/sandalia-rasteira-papete-moleca-flat-amarracao-corda-multicolor-preto-5181562-p2679560,5,20360,0.02%,8.66
https://www.stz.com.br/scarpin-penelope-aberto-salto-grosso-tiras-cruzadas-nobuck-preto-5195134-p2808200,5,18992,0.03%,09.07
https://www.stz.com.br/scarpin-vizzano-salto-grosso-pespontos-preto-5195490-p2798513,5,17495,0.03%,08.06
https://www.stz.com.br/sandalia-papete-infantil-gabrielinha-flatform-strass-metalizada-dourada-5198162-p2812798,5,13588,0.04%,9.84
https://www.stz.com.br/tenis-olympikus-zex-esportivo-masculino-preto-5183122-p2697031,5,13183,0.04%,07.03
https://www.stz.com.br/rasteira-modare-ultraconforto-tira-cruzadas-off-white-5188570-p2748602,5,10120,0.05%,8.35
https://www.stz.com.br/sandalia-bebece-salto-grosso-com-fivela-nobuck-preto-5160845-p1630210,5,8219,0.06%,4.52
https://www.stz.com.br/sandalia-infantil-zaxy-nina-way-flatform-tira-contato-pink-5199904-p2822991,5,7058,0.07%,3.56
https://www.stz.com.br/scarpin-vizzano-salto-grosso-pespontos-preto-5193119-p2787063,5,6493,0.08%,4.73
https://www.stz.com.br/sandalia-gabriela-essenciais-salto-grosso-pespontos-nobuck-preto-5162698-p1653169,5,6389,0.08%,4.55
https://www.stz.com.br/slide-havaianas-aqua-metallic-tiras-cruzadas-dourada-5197284-p2807627,5,6379,0.08%,9.33
https://www.stz.com.br/bota-coturno-via-marte-plataforma-tratorada-ilhos-strass-preto-5195942-p2797711,5,6281,0.08%,10.11
https://www.stz.com.br/scarpin-gabriela-essenciais-salto-fino-preto-5156527-p1165038,5,6063,0.08%,7.78
https://www.stz.com.br/sapatilha-infantil-gabrielinha-laco-metalizada-dourada-5182627-p2691756,5,5321,0.09%,08.05
https://www.stz.com.br/tenis-adidas-galaxy-6-esportivo-feminino-preto-5192858-p2785044,5,5065,0.1%,4.69
https://www.stz.com.br/sandalia-papete-moleca-flatform-amarracao-nos-branco-5198224-p2813168,5,4938,0.1%,8.85
https://www.stz.com.br/c6-regulamento,5,4697,0.11%,9.24
https://www.stz.com.br/chinelo-infantil-havaianas-baby-brasil-logo-elastico-pink-5193806-p2791494,5,4537,0.11%,4.25
https://www.stz.com.br/tenis-puma-carina-l-bdp-soft-foam-optimal-confort-feminino-preto-5196946-p2804888,5,4435,0.11%,10.81
https://www.stz.com.br/tenis-olympikus-day-esportivo-feminino-azul-5195463-p2807987,5,4172,0.12%,9.44
https://www.stz.com.br/chinelo-havaianas-top-bege-5143628-p156985,5,4159,0.12%,3.38
https://www.stz.com.br/sandalia-papete-infantil-vertus-detalhe-pespontos-camurca-bege-5195601-p2809405,5,4084,0.12%,8.53
https://www.stz.com.br/sandalia-vizzano-salto-grosso-tiras-pespontos-preto-5198320-p2813989,5,4009,0.12%,2.63
https://www.stz.com.br/chinelo-havaianas-slim-square-pop-up-azul-5198793-p2817948,5,3979,0.13%,3.68
https://www.stz.com.br/hotsite/STZ,5,3841,0.13%,9.13
https://www.stz.com.br/tenis-olympikus-jogging-100-casual-masculino-branco-5195531-p2808007,5,3749,0.13%,9.63
https://www.stz.com.br/sandalia-vizzano-salto-geometrico-tiras-cruzadas-strass-branco-5198359-p2814020,5,3642,0.14%,7.42
https://www.stz.com.br/tenis-fila-acd-classic-lifestyle-street-feminino-preto-5191906-p2779649,5,3576,0.14%,6.27
https://www.stz.com.br/chinelo-olympikus-masculino-cinza-5129252-p72535,5,3570,0.14%,5.94
https://www.stz.com.br/tenis-br-sport-casual-masculino-puxador-recortes-knit-preto-5198553-p2815648,5,3429,0.15%,9.89
https://www.stz.com.br/mocassim-modare-ultraconforto-plataforma-corrente-preto-5194376-p2794132,5,3361,0.15%,08.09
https://www.stz.com.br/tenis-olympikus-eros-casual-masculino-branco-5193956-p2792598,5,3319,0.15%,13.55
https://www.stz.com.br/mocassim-modare-ultraconforto-plataforma-textura-croco-verniz-preto-5197084-p2805691,5,3091,0.16%,3.22
https://www.stz.com.br/escova-de-cabelo-ricca-flex-desembaracadora-raquete-azul-5172393-p2600931,5,3046,0.16%,15.86
https://www.stz.com.br/chuteira-society-umbro-orbit-preto-5192916-p2785491,5,2763,0.18%,6.63
https://www.stz.com.br/scarpin-slingback-penelope-salto-grosso-elastico-caramelo-5198673-p2816195,5,2634,0.19%,9.26
https://www.stz.com.br/tenis-converse-all-star-chuck-taylor-cano-alto-bege-5167330-p1692240,5,2600,0.19%,3.56
https://www.stz.com.br/tenis-dakota-extraconforto-casual-feminino-knit-preto-5197738-p2812906,5,2551,0.2%,9.41
https://www.stz.com.br/sandalia-vizzano-salto-grosso-detalhe-decote-glitter-preto-5198333-p2814002,5,2542,0.2%,2.42
https://www.stz.com.br/sandalia-rasteira-gabriela-amarracao-nobuck-preto-5181685-p2681006,5,2409,0.21%,3.88
https://www.stz.com.br/chuteira-futsal-umbro-cannon-neon-coral-5194941-p2795959,5,2304,0.22%,7.24
https://www.stz.com.br/sandalia-infantil-cartago-mini-malta-v-elegante-tiras-contato-marinho-5192943-p2785689,5,2273,0.22%,2.53
https://www.stz.com.br/tenis-modare-ultraconforto-casual-feminino-knit-bege-5188564-p2748747,5,2163,0.23%,3.26
https://www.stz.com.br/sandalia-dakota-plataforma-tiras-rafia-nude-5196510-p2801617,5,2136,0.23%,8.28
https://www.stz.com.br/marcas/gabriela?pg=5,5,2106,0.24%,2.88
https://www.stz.com.br/sandalia-infantil-kidy-toys-flex-anatomico-kit-cozinha-de-brinquedo-5200016-p2824129,5,2102,0.24%,9.16
https://www.stz.com.br/campanha-bolsas?pg=2,5,2062,0.24%,7.22
https://www.stz.com.br/bolsa-tiracolo-pequena-gabriela-corrente-matelasse-preto-5185529-p2722685,5,2057,0.24%,10.96
https://www.stz.com.br/sandalia-gabriela-salto-fino-fivela-off-white-5192019-p2780683,5,2010,0.25%,06.04
https://www.stz.com.br/meia-calca-feminina-trifil-classica-m-fio-80-preta-5028308-p92215,5,1988,0.25%,18.1
https://www.stz.com.br/tenis-vertus-jogging-masculino-tecido-marinho-5197018-p2805507,5,1985,0.25%,4.72
https://www.stz.com.br/tenis-via-marte-casual-feminino-logo-strass-metalizado-off-white-5199152-p2820449,5,1978,0.25%,3.35
https://www.stz.com.br/tenis-converse-all-star-chuck-taylor-vermelho-5046347-p1351,5,1947,0.26%,18.5
https://www.stz.com.br/sandalia-beira-rio-salto-fino-strass-holografica-metalizada-color-5193831-p2790319,5,1923,0.26%,8.97
https://www.stz.com.br/tenis-adidas-runfalcon-3-0-esportivo-masculino-preto-5196889-p2804402,5,1922,0.26%,12.82
https://www.stz.com.br/sapatilha-beira-rio-aberta-elastico-drapeada-off-white-5199372-p2819316,5,1896,0.26%,10.76
https://www.stz.com.br/scarpin-vizzano-salto-fino-pespontos-metalizado-prata-5194322-p2793948,5,1886,0.27%,2.97
https://www.stz.com.br/sandalia-gabriela-essenciais-salto-grosso-pespontos-prata-5184021-p2707795,5,1877,0.27%,3.42
https://www.stz.com.br/tenis-olympikus-jogging-101-casual-feminino-color-5195486-p2808006,5,1876,0.27%,10.78
https://www.stz.com.br/tenis-adidas-lite-racer-3-0-esportivo-masculino-preto-5189486-p2757440,5,1871,0.27%,5.38
https://www.stz.com.br/chinelo-modare-ultraconforto-detalhe-tiras-metalizada-dourada-5197034-p2806347,5,1857,0.27%,2.87
https://www.stz.com.br/bolsa-tiracolo-pequena-penelope-alca-corrente-verniz-preto-5198071-p2813125,5,1791,0.28%,9.53
https://www.stz.com.br/tenis-pegada-casual-masculino-camurca-couro-preto-5188346-p2746109,5,1697,0.29%,4.86
https://www.stz.com.br/tenis-nike-revolution-6-esportivo-masculino-preto-5183425-p2701635,5,1693,0.3%,11.21
https://www.stz.com.br/bolsa-tote-media-gabriela-detalhe-nos-nude-5173340-p2609756,5,1691,0.3%,4.79
https://www.stz.com.br/sandalia-rasteira-penelope-pedraria-metalizada-prata-5198811-p2817619,5,1669,0.3%,2.22
https://www.stz.com.br/sapatenis-infantil-molekinho-casual-pespontos-marrom-5199911-p2823590,5,1606,0.31%,4.2
https://www.stz.com.br/tenis-ollie-originals-virtus-esportivo-masculino-marinho-5195279-p2800083,5,1602,0.31%,7.74
https://www.stz.com.br/sandalia-modare-ultraconforto-salto-grosso-elastico-preto-5196173-p2799648,5,1578,0.32%,5.42
https://www.stz.com.br/tenis-via-marte-casual-anabela-feminino-metalizado-branco-5196581-p2802082,5,1573,0.32%,10.14
https://www.stz.com.br/chinelo-havaianas-top-max-comfort-cinza-5193275-p2787408,5,1528,0.33%,10.73
https://www.stz.com.br/sandalia-moleca-plataforma-lurex-tiras-cruzadas-no-metalizada-dourada-5196953-p2804895,5,1520,0.33%,5.27
https://www.stz.com.br/kit-tres-cintos-femininos-gabriela-color-5195364-p2802617,5,1509,0.33%,5.75
https://www.stz.com.br/sandalia-gabriela-salto-grosso-detalhe-amarracao-dourado-5192657-p2783958,5,1504,0.33%,2.51
https://www.stz.com.br/tenis-mizuno-wave-zest-esportivo-masculino-knit-verde-militar-5197267-p2807266,5,1489,0.34%,6.51
https://www.stz.com.br/bolsa-tiracolo-pequena-gabriela-essenciais-azul-5157744-p1179332,5,1409,0.35%,8.51
https://www.stz.com.br/scarpin-vizzano-salto-fino-camurca-preto-5095687-p1423,5,1407,0.36%,3.92
https://www.stz.com.br/sandalia-gabriela-salto-grosso-amarracao-detalhe-no-rose-5195177-p2809333,5,1395,0.36%,2.74
https://www.stz.com.br/tenis-adidas-runfalcon-3-0-esportivo-masculino-estampado-marinho-5193040-p2786094,5,1374,0.36%,12.48
https://www.stz.com.br/chinelo-havaianas-glitter-flourish-lilas-5187045-p2734027,5,1364,0.37%,16.31
https://www.stz.com.br/garrafa-galao-mini-cross-road-academia-com-alca-rosa-2-2-l-5172461-p2601239,5,1350,0.37%,7.4
https://www.stz.com.br/meiao-de-futebol-infantil-umbro-classic-34-38-preto-5190050-p2761322,5,1320,0.38%,10.64
https://www.stz.com.br/chuteira-futsal-penalty-k-rx-locker-viii-laranja-5134650-p77649,5,1308,0.38%,22.03
https://www.stz.com.br/sandalia-rasteira-vizzano-tiras-cruzadas-metalizada-nude-5191424-p2776961,5,1281,0.39%,11.91
https://www.stz.com.br/tenis-ollie-originals-premium-cano-alto-casual-masculino-caramelo-5196631-p2802780,5,1249,0.4%,6.71
https://www.stz.com.br/open-ankle-boot-bebece-salto-grosso-detalhe-ziper-preto-5196400-p2801074,5,1246,0.4%,1.72
https://www.stz.com.br/tenis-mizuno-enigma-softier-foam-esportivo-masculino-marinho-5197149-p2806354,5,1245,0.4%,5.91
https://www.stz.com.br/tamanco-modare-ultraconforto-anabela-tiras-metalizado-nude-5190129-p2762538,5,1238,0.4%,03.05
https://www.stz.com.br/sandalia-penelope-salto-grosso-tiras-regulavel-branco-5199259-p2822589,5,1224,0.41%,04.07
https://www.stz.com.br/tenis-nike-air-max-intrlk-lite-casual-feminino-metalizado-branco-5194720-p2795559,5,1220,0.41%,25.01
https://www.stz.com.br/scarpin-boneca-slingback-via-marte-salto-bloco-fivelas-vermelho-5196440-p2801280,5,1202,0.42%,5.57
https://www.stz.com.br/slide-rider-drip-feminino-rosa-5174492-p2614192,5,1185,0.42%,06.02
https://www.stz.com.br/tamanco-vizzano-salto-geometrico-fivela-rebites-texturizado-marrom-5198366-p2814190,5,1169,0.43%,13.34
https://www.stz.com.br/tenis-olympikus-glam-3-esportivo-feminino-marinho-5188043-p2742525,5,1166,0.43%,11.22
https://www.stz.com.br/chinelo-havaianas-urban-print-tecido-marinho-5191429-p2777014,5,1152,0.43%,4.37
https://www.stz.com.br/sandalia-gabriela-essenciais-salto-grosso-detalhe-tira-vermelho-5185676-p2723821,5,1150,0.43%,14.98
https://www.stz.com.br/tenis-fila-tr-knit-lifestyle-casual-masculino-couro-marrom-5193377-p2787777,5,1142,0.44%,28.12
https://www.stz.com.br/bota-chelsea-mac-jac-tratorado-elastico-couro-preto-5187537-p2738266,5,1135,0.44%,24.84
https://www.stz.com.br/tenis-black-free-turbo-3-esportivo-masculino-preto-5183243-p2699158,5,1099,0.45%,7.26
https://www.stz.com.br/bolsa-tiracolo-infantil-stz-glitter-rosa-5195695-p2796464,5,1087,0.46%,5.34
https://www.stz.com.br/chinelo-infantil-havaianas-glitter-rosa-5169728-p1892621,5,1076,0.46%,6.23
https://www.stz.com.br/rasteira-papete-infantil-molekinha-flat-fivelas-coracao-glitter-preto-5196687-p2803261,5,1074,0.47%,6.92
https://www.stz.com.br/tenis-fila-recovery-super-foam-esportivo-feminino-metalizado-cinza-5192585-p2783314,5,1067,0.47%,5.83
https://www.stz.com.br/kit-meia-sapatilha-puma-3-pares-39-43-verde-color-5200155-p2824657,5,1063,0.47%,5.23
https://www.stz.com.br/tenis-ollie-originals-dunky-street-feminino-recortes-nude-branco-color-5197614-p2810106,5,1059,0.47%,3.45
https://www.stz.com.br/chinelo-beira-rio-acolchoado-tecido-preto-5187174-p2735322,5,1044,0.48%,4.55
https://www.stz.com.br/sandalia-via-marte-salto-taca-tiras-cruzadas-fivela-vinil-rose-5194512-p2795130,5,1037,0.48%,04.02
https://www.stz.com.br/mule-dakota-salto-bloco-detalhe-em-tresse-nude-5156100-p1163406,5,1034,0.48%,2.18
https://www.stz.com.br/tenis-via-marte-chunky-detalhe-aplicacao-branco-5199246-p2820472,5,1019,0.49%,04.07
https://www.stz.com.br/slide-nike-victori-one-shower-masculino-branco-5178033-p2644797,5,999,0.5%,15.01
https://www.stz.com.br/tamanco-bebece-plataforma-tiras-cruzadas-nobuck-preto-5179217-p2661244,5,991,0.5%,7.52
https://www.stz.com.br/tiara-de-cabelo-gabriela-beauty-detalhe-garras-preto-5194685-p2795322,5,990,0.51%,10.65
https://www.stz.com.br/sandalia-gabriela-plataforma-tiras-cruzadas-strass-glitter-preto-5194086-p2791922,5,985,0.51%,5.42
https://www.stz.com.br/sandalia-rasteira-ipanema-flatform-diversa-flatform-preto-5198782-p2817483,5,972,0.51%,5.69
https://www.stz.com.br/sandalia-gabriela-plataforma-detalhe-fivela-jeans-azul-5192185-p2780920,5,960,0.52%,5.22
https://www.stz.com.br/sandalia-infantil-marvel-homem-aranha-carrinho-buggy-azul-5192545-p2782891,5,941,0.53%,9.92
https://www.stz.com.br/tamanco-tchocco-salto-fino-com-laco-texturizado-preto-5155575-p1156172,5,940,0.53%,3.2
https://www.stz.com.br/tenis-infantil-vertus-jogging-aranha-tecido-led-vermelho-azul-5199322-p2819702,5,930,0.54%,6.72
https://www.stz.com.br/chinelo-havaianas-urban-blend-marrom-5158908-p1597479,5,901,0.55%,6.92
https://www.stz.com.br/kit-saco-organizador-sujo-e-limpo-stz-floral-color-5157739-p1178927,5,900,0.56%,13.87
https://www.stz.com.br/sandalia-rasteira-beira-rio-fivela-metalizada-preto-5193842-p2790339,5,895,0.56%,10.76
https://www.stz.com.br/sandalia-aranha-papete-moleca-flatform-tratorada-preto-5183150-p2697462,5,889,0.56%,11.68
https://www.stz.com.br/sapato-social-woche-pespontos-texturizado-preto-5182329-p2688869,5,871,0.57%,5.5
https://www.stz.com.br/mule-usaflex-com-pespontos-tecido-preto-5141903-p155567,5,862,0.58%,2.4
https://www.stz.com.br/sapatenis-pegada-amortech-couro-preto-5143177-p82045,5,857,0.58%,9.3
https://www.stz.com.br/tenis-adidas-vs-pace-2-0-street-masculino-branco-5188205-p2744904,5,853,0.59%,18.99
https://www.stz.com.br/marcas/grendha,5,832,0.6%,17.04
https://www.stz.com.br/sandalia-aranha-zaxy-be-yourself-preto-5168777-p1880914,5,807,0.62%,1.89
https://www.stz.com.br/chinelo-havaianas-top-disney-minnie-pink-5181861-p2683409,5,788,0.63%,2.96
https://www.stz.com.br/slip-on-bottero-comfort-twister-tratorado-couro-preto-5196624-p2802297,5,780,0.64%,08.06
https://www.stz.com.br/tenis-adidas-duramo-rc-esportivo-feminino-preto-5192853-p2784996,5,770,0.65%,9.38
https://www.stz.com.br/tenis-kolosh-sport-angel-ii-esportivo-feminino-marinho-5192582-p2783131,5,746,0.67%,6.54
https://www.stz.com.br/sandalia-papete-via-marte-flatform-tratorada-tiras-cruzadas-strass-nude-5197635-p2811094,5,738,0.68%,8.37
https://www.stz.com.br/tenis-skechers-bountiful-be-kind-memory-foam-feminino-bege-5196163-p2799401,5,729,0.69%,7.66
https://www.stz.com.br/chinelo-infantil-cartago-atlanta-elastico-preto-5199143-p2819063,5,727,0.69%,2.95
https://www.stz.com.br/chinelo-infantil-havaianas-baby-marvel-homem-aranha-vermelho-5181899-p2683679,5,719,0.7%,14.73
https://www.stz.com.br/rasteira-usaflex-tiras-cruzadas-trama-couro-preto-5187551-p2738158,5,686,0.73%,7.33
https://www.stz.com.br/spray-impermeabilizante-palterm-variedade-de-materiais-180ml-5182644-p2691918,5,686,0.73%,42.31
https://www.stz.com.br/bota-knit-mississipi-cano-medio-preto-5202961-p2838564,5,682,0.73%,2.36
https://www.stz.com.br/campanha-email-sandalias-infantis,5,668,0.75%,9.68
https://www.stz.com.br/menina?pg=8,5,666,0.75%,6.38
https://www.stz.com.br/tenis-gabriela-casual-feminino-recortes-metalizados-multicolor-branco-5198267-p2813893,5,650,0.77%,6.61
https://www.stz.com.br/sandalia-gabriela-salto-grosso-amarracao-strass-metalizada-prata-5195062-p2805023,5,645,0.78%,7.14
https://www.stz.com.br/sandalia-bebece-plataforma-detalhe-fivela-preto-5192581-p2783130,5,632,0.79%,9.4
https://www.stz.com.br/tamanco-vizzano-salto-grosso-recortes-verniz-nude-5166563-p1689695,5,622,0.8%,6.64
https://www.stz.com.br/sandalia-gabriela-flatform-amarracao-nos-vinho-5201592-p2831890,5,618,0.81%,8.6
https://www.stz.com.br/bolsa-tote-media-gabriela-detalhe-nos-vinho-5194391-p2794275,5,582,0.86%,7.58
https://www.stz.com.br/sandalia-rasteira-ipanema-celebra-plus-strass-preto-5197260-p2807210,5,575,0.87%,8.7
https://www.stz.com.br/sandalia-modare-ultraconforto-flatform-aplicacao-preto-5185824-p2724946,5,568,0.88%,3.33
https://www.stz.com.br/sandalia-rasteira-havaianas-you-paraty-studs-azul-5181772-p2681870,5,567,0.88%,13.44
https://www.stz.com.br/tamanco-bebece-plataforma-tiras-cruzadas-camurca-tiras-nude-5164592-p1671280,5,566,0.88%,2
https://www.stz.com.br/tenis-mizuno-cool-ride-esportivo-masculino-knit-verde-militar-5192602-p2783238,5,559,0.89%,5.45
https://www.stz.com.br/chinelo-havaianas-slim-glitter-flourish-verde-5187044-p2734026,5,547,0.91%,15.93
https://www.stz.com.br/tenis-adidas-advantage-base-casual-feminino-metalizado-branco-5193015-p2786003,5,476,1.05%,11.52
https://www.stz.com.br/tenis-moleca-casual-feminino-pespontos-caramelo-5192278-p2781325,5,476,1.05%,12.65
https://www.stz.com.br/sapatenis-woche-detalhe-perfuros-preto-5176597-p2628839,5,468,1.07%,6.55
https://www.stz.com.br/rasteira-gabriela-essenciais-vazados-nude-5171976-p2596877,5,461,1.08%,6.72
https://www.stz.com.br/tenis-aramis-deep-casual-masculino-caramelo-5188743-p2750499,5,460,1.09%,18.36
https://www.stz.com.br/bota-coturno-democrata-garage-astro-couro-marrom-5188170-p2744012,5,439,1.14%,13.4
https://www.stz.com.br/scarpin-gabriela-salto-fino-metalizado-dourado-5181712-p2681383,5,425,1.18%,9.92
https://www.stz.com.br/tamanco-tchocco-salto-fino-fivela-nude-5190282-p2763590,5,415,1.2%,2.67
https://www.stz.com.br/sandalia-vizzano-meia-pata-metalizada-glitter-prata-5195147-p2802902,5,410,1.22%,10.06