Top consultas,Cliques,Impressões,CTR,Posição
studio z,63299,466506,13.57%,01.06
stz,4846,35294,13.73%,2.14
studioz,4630,33485,13.83%,1.15
studio z calçados,2342,19191,12.2%,01.04
clube stz,1587,2217,71.58%,1
papete,1565,373904,0.42%,5.12
studio,1405,94035,1.49%,3.15
estudio z,1265,10829,11.68%,1.49
tenis,1048,493623,0.21%,6.61
papete feminina,1035,177666,0.58%,05.02
stz calçados,952,8052,11.82%,1
studio z manaus,892,5600,15.93%,1.16
mocassim feminino,750,189437,0.4%,5.95
sandália feminina,715,127869,0.56%,3.9
tenis casual feminino,592,94979,0.62%,4.85
studio z brasil,562,4644,12.1%,1.63
stz site,508,4411,11.52%,1
clube + stz,393,516,76.16%,1
tenis feminino casual,372,79780,0.47%,5.53
studio z cuiaba,344,3485,9.87%,1.71
clube mais stz,336,443,75.85%,1
loja studio z,315,3730,8.45%,1.76
studio z blumenau,303,3439,8.81%,1.82
studio z shopping da bahia,298,1491,19.99%,01.06
rasteirinha feminina,297,78981,0.38%,6.66
stz.com.br,293,1047,27.98%,1
studio z florianópolis,278,2774,10.02%,1.9
studio z rio de janeiro,269,1377,19.54%,1.91
studio z londrina,265,1626,16.3%,1.72
studio z balneário camboriú,263,3665,7.18%,1.89
tênis feminino casual,255,41103,0.62%,5.38
studio z camboriu,247,2363,10.45%,1.94
site studio z,245,1974,12.41%,1
studiozcalcados,240,2708,8.86%,1.18
stz online,221,1660,13.31%,2.18
sandalia papete,216,39749,0.54%,4.4
studio z curitiba,212,2085,10.17%,1.7
tamanco feminino,197,64072,0.31%,6.78
stz loja,196,1716,11.42%,01.01
sandalia masculina,194,68417,0.28%,7.91
modare ultraconforto,192,28474,0.67%,4.42
sandália modare ultra conforto,192,24672,0.78%,4.21
studio z boa vista,192,1960,9.8%,1.34
studio z campo grande ms,188,1962,9.58%,1.8
scarpin,185,103874,0.18%,10.85
tenis casual masculino,179,52913,0.34%,8.69
studio.z,179,1763,10.15%,1.14
studio z site,174,1139,15.28%,1
sandalias,173,22918,0.75%,7.56
studio z criciuma,173,1605,10.78%,1.19
studio z shopping recife,171,1315,13%,1.82
studio z whatsapp,169,3860,4.38%,3.24
studio z centro,168,3363,5%,1.87
chinelo,166,156240,0.11%,8.79
loja de calçados,148,10408,1.42%,6.66
sandalia modare,145,32658,0.44%,07.01
sandálias femininas,143,20326,0.7%,5.64
studio z telefone,142,1333,10.65%,2.43
tênis,141,112994,0.12%,9.23
club stz,141,183,77.05%,1
studio z promoção,140,1581,8.86%,01.01
tênis casual feminino,139,22439,0.62%,5.54
studio z sinop,135,1101,12.26%,1.67
unistz,135,421,32.07%,1.37
sandalia feminina,132,18943,0.7%,3.88
vertus,130,3550,3.66%,13.86
chinelo feminino,129,46725,0.28%,6.61
tênis da nike,126,41979,0.3%,7.65
stz studio,122,823,14.82%,01.08
studio z vilhena,120,1369,8.77%,1.14
tenis nike masculino,119,159874,0.07%,7.54
sandália masculina,117,41411,0.28%,7.98
studio z teresina,117,1167,10.03%,1.8
studio z palhoça,115,1371,8.39%,1.74
studio z shopping da ilha,115,1142,10.07%,2.13
studio z fatura,113,4871,2.32%,5.55
cashback studio z,112,214,52.34%,1
cartão studio z,110,3123,3.52%,4.81
stz brasil,109,659,16.54%,01.07
studio z tenis feminino,108,945,11.43%,1
studio z fortaleza,106,1587,6.68%,1.63
studio z porto belo,106,978,10.84%,1.23
studio z dourados,106,776,13.66%,1.76
papetes femininas,105,14463,0.73%,4.14
studio z kobrasol,105,1219,8.61%,01.06
studio z trabalhe conosco,104,2037,5.11%,4.64
estudio z camboriu,103,1451,7.1%,02.09
studioz calcados,103,753,13.68%,01.01
stz clube,102,135,75.56%,1
tamanco,99,43361,0.23%,08.07
cupom studio z,99,3431,2.89%,2.13
bolsa studio z,99,1315,7.53%,1
moleca,98,32718,0.3%,7.46
studio z porto velho,97,1209,8.02%,2.4
studio z salvador,97,1163,8.34%,1.38
bolsa gabriela studio z,97,1052,9.22%,1
srudio z,97,710,13.66%,01.07
estúdio z,96,977,9.83%,01.02
studio z maringa,95,991,9.59%,2.33
studio z bolsas,95,746,12.73%,01.01
calçados,94,17397,0.54%,9.19
bolsa gabriela,94,2345,4.01%,01.07
papete moleca,93,33919,0.27%,6.8
studio z lojas,93,945,9.84%,1.71
studio z fatura com cpf,91,1701,5.35%,4.66
tênis nike masculino,87,72283,0.12%,09.03
sandália papete,86,18457,0.47%,4.55
estudio zeta brasil,86,741,11.61%,2.33
studio z salvador shopping,86,576,14.93%,1.18
lojas studio z,85,982,8.66%,1.74
site da studio z,85,653,13.02%,1
studio z rondonópolis,84,930,9.03%,1.89
studio z calçados femininos,84,560,15%,1
clube+stz,83,123,67.48%,1
sandália papete feminina,82,12049,0.68%,4.41
clubestz,82,104,78.85%,1
sandalias feminina,81,14674,0.55%,7.31
studio z belem,81,953,8.5%,1.78
gabriela,80,57148,0.14%,10.34
tenis studio z,79,1088,7.26%,1
stz manaus,79,643,12.29%,01.06
sandálias,78,15181,0.51%,08.08
studio z - shopping,78,1500,5.2%,1.9
stufio z,78,645,12.09%,1.12
studio z joinville,78,323,24.15%,02.03
ouze card,77,4741,1.62%,5.91
loja stz,77,1081,7.12%,1.64
studio z shopping estação,76,690,11.01%,1.57
studio z jaraguá do sul,76,488,15.57%,01.03
mule,75,36593,0.2%,7.94
scarpin preto,74,36518,0.2%,7.9
studio z calcados,74,651,11.37%,1.32
studio z palmas,74,539,13.73%,1
studio z tenis masculino,74,478,15.48%,1
tenis nike,73,64448,0.11%,11.05
atudio z,72,728,9.89%,01.04
studio z rio branco acre,72,685,10.51%,1.49
nike,71,197265,0.04%,7.68
studio z amazonas shopping,71,644,11.02%,1.12
studio z outlet,71,514,13.81%,1.49
studio z sapatilha,71,348,20.4%,1
studio z ponta grossa,70,941,7.44%,3.53
studio z sao luis,70,647,10.82%,1.74
studio z foz do iguaçu,69,748,9.22%,2.92
estudioz,69,601,11.48%,1.16
sandalia vizzano,68,37292,0.18%,08.06
tenis vertus,68,1327,5.12%,1
seja ouze.com.br,68,1144,5.94%,03.08
studio z bombinhas,68,467,14.56%,1.12
sandália modare ultraconforto feminina,67,5281,1.27%,05.07
studio z sorriso,67,949,7.06%,1.22
studio z caceres,66,721,9.15%,01.01
studio z sao paulo,66,242,27.27%,2.11
zaxy,65,55706,0.12%,7.22
studio z cartão,65,1296,5.02%,4.66
studio z bolsa,65,603,10.78%,1
stz ouze,65,454,14.32%,1.96
tênis nike,64,52743,0.12%,9.63
tenis esportivo feminino,64,44033,0.15%,8.11
papete studio z,64,866,7.39%,1
studio z papete,64,551,11.62%,1
studio z cpa,63,995,6.33%,01.06
número da studio z,63,456,13.82%,2.27
sandália modare,62,10568,0.59%,7.13
studio z castanheira,62,476,13.03%,2.32
studio z barreiros,61,765,7.97%,01.08
studio z cacoal,61,613,9.95%,1.14
sapato democrata masculino,60,19514,0.31%,9.25
fatura studio z,60,1457,4.12%,5.42
studio z ji paraná,60,508,11.81%,1.15
studio z cascavel,60,257,23.35%,1.25
tenis masculino casual,59,21358,0.28%,7.83
site stz,59,998,5.91%,1
studio z rio branco,59,483,12.22%,1.65
z studio,58,1081,5.37%,6.19
studio z patio belem,58,338,17.16%,2.26
tenis esportivo masculino,57,22644,0.25%,04.05
sandalia gabriela,57,1812,3.15%,1.38
stz lojas,57,589,9.68%,1.54
studio z lages,57,420,13.57%,1.18
mule feminino,55,23668,0.23%,9.12
sandalia studio z,55,707,7.78%,1
studio z brasil sucursales,55,426,12.91%,1.65
stz shop,54,593,9.11%,1.19
studio z tênis feminino,54,538,10.04%,1
stz calcados,52,715,7.27%,1
studio z brusque,52,341,15.25%,1
stidio z,52,317,16.4%,1.19
studio z iguatemi,51,263,19.39%,1.21
chinelos masculinos,50,11153,0.45%,8.67
rasteirinhas,50,8600,0.58%,4.74
studio z riomar,50,735,6.8%,3.78
stilo z,50,288,17.36%,1.14
studio z contato,50,153,32.68%,1.11
studio z brasilia,50,147,34.01%,1.88
tenis olympikus feminino,49,94862,0.05%,4.62
tênis casual masculino,49,12203,0.4%,8.54
lojas de calçados,49,4542,1.08%,6.91
gabriella calçados,49,4294,1.14%,4.53
scarpin feminino,49,3953,1.24%,3.52
studio z itajai,49,616,7.95%,1.33
studo z,49,376,13.03%,01.03
ouze studio z,48,1219,3.94%,4.57
studi z,48,399,12.03%,01.07
sac studio z,48,262,18.32%,1
studio z maceio,48,127,37.8%,1.88
tenis slip on feminino,46,19656,0.23%,7.8
studio z boulevard,46,506,9.09%,1.7
studio z porto alegre,46,142,32.39%,1.39
stz shop cartão,46,94,48.94%,1.11
slip on masculino,45,15756,0.29%,7.95
papete modare,45,9235,0.49%,2.63
studio z sao jose dos pinhais,45,764,5.89%,2.25
studio z sao jose,45,611,7.36%,1.71
chinelos femininos,44,8928,0.49%,6.17
calcados,44,5438,0.81%,8.86
studio a calçados,44,1057,4.16%,3.53
studio z joao pessoa,44,712,6.18%,1.22
studio z sandália,44,644,6.83%,1
stz curitiba,44,371,11.86%,1.73
studio z goiania,44,134,32.84%,1.2
sapatilha,43,24596,0.17%,10.08
papete preta,43,20500,0.21%,08.01
stuzio z,43,500,8.6%,01.02
studio z troca,43,87,49.43%,1.17
sapato mocassim feminino,42,11779,0.36%,7.49
studio z telefone 0800,42,716,5.87%,2.34
sandália gabriela studio z,42,399,10.53%,1
tenis social feminino,41,8980,0.46%,5.47
studio z centro florianópolis,41,676,6.07%,1.12
stdio z,41,289,14.19%,01.03
studio z manauara shopping,41,173,23.7%,01.03
chinelo masculino,40,27487,0.15%,9.8
sapato da nike,40,20564,0.19%,6.23
sapato democrata,40,19042,0.21%,8.51
studio z gabriela,40,167,23.95%,1
telefone studio z,39,555,7.03%,2.45
studio z recife,39,431,9.05%,1.63
studio z barra do garças,39,420,9.29%,01.07
studio stz,39,213,18.31%,01.05
chinelo infantil menino,38,19651,0.19%,6.16
sandalias modare,38,6504,0.58%,7.97
bolsas femininas,38,5036,0.75%,12.42
vertus tenis,38,711,5.34%,1
studio z chapecó,38,301,12.62%,1
all star studio z,38,217,17.51%,1
ouze,37,3953,0.94%,08.08
gabriela studio z,37,218,16.97%,1
adidas,36,137467,0.03%,9.56
rasteirinha,36,15220,0.24%,9.3
papete infantil menino,36,9065,0.4%,4.81
papetes,36,7748,0.46%,7.52
tênis feminino casual confortável,36,6322,0.57%,08.01
sandalias vizzano,36,5018,0.72%,6.95
loja de calçados online,36,2186,1.65%,6.52
studio z tangará da serra,36,445,8.09%,1
ouze site,36,110,32.73%,2.43
uni stz,36,91,39.56%,1.55
chinelo rider,35,45986,0.08%,8.82
tenis esportivo,35,24479,0.14%,5.83
tenis democrata masculino,35,19386,0.18%,4.84
chinelos,35,15433,0.23%,11.56
tênis modare ultraconforto feminino,35,4098,0.85%,4.13
calçados modare ultra conforto,35,3393,1.03%,3.69
studio z scarpin,35,343,10.2%,1
studio z caruaru,35,294,11.9%,01.02
telefone studio z central de atendimento,35,175,20%,2.23
tenis actvitta,34,19909,0.17%,05.04
tênis masculino casual,34,9224,0.37%,9.85
sandalia infantil feminina,34,9005,0.38%,09.09
sandalia penelope,34,685,4.96%,2.25
polo energy,34,627,5.42%,1.27
loja z,34,606,5.61%,2.54
studio z shopping,34,508,6.69%,1.84
studio z horário de funcionamento,34,421,8.08%,2.22
sapatilha studio z,34,375,9.07%,1
gabrielinha,34,373,9.12%,01.03
scarpin studio z,34,369,9.21%,1
studio z florianopolis,34,326,10.43%,1.88
ouze loja,34,214,15.89%,2.25
stuio z,34,206,16.5%,01.04
studio z bota,34,185,18.38%,1
cartão presente studio z,34,77,44.16%,01.04
crediario studio z,34,46,73.91%,1.11
modare sandália,33,8938,0.37%,7.93
modare ultraconforto sandália,33,3628,0.91%,4.39
studio z balneario camboriu,33,230,14.35%,1.88
calçados studio z,33,207,15.94%,01.06
loja calçados,32,2721,1.18%,6.83
stz fatura,32,706,4.53%,4.3
studiz,32,488,6.56%,16.44
telefone da studio z,32,426,7.51%,2.55
calcenter calçados centro oeste ltda,32,398,8.04%,1.76
loja studio z em salvador,32,353,9.07%,1.69
studio z shopping da ilha qual piso,32,188,17.02%,2.56
stdz,32,174,18.39%,17.64
studio z retirar na loja,32,141,22.7%,1
studio z calçados são joão de meriti,32,116,27.59%,2.92
tenis casual,31,13038,0.24%,10.83
calçados modare,31,5720,0.54%,8.63
bolsa feminina,31,3226,0.96%,20.99
ztudio z,31,133,23.31%,01.05
marcas de rasteirinha feminina,31,63,49.21%,1.22
mocassim,30,15937,0.19%,10.43
papete sandalia,30,5069,0.59%,4.44
papete gabriela,30,877,3.42%,01.06
salto studio z,30,364,8.24%,1
bota studio z,30,307,9.77%,01.01
studio z shopping paralela,30,242,12.4%,1.14
vizzano,29,40151,0.07%,7.81
papeti,29,6309,0.46%,3.35
modare sandalias,29,3552,0.82%,5.16
oxn,29,2266,1.28%,7.7
gabriela sapatos,29,646,4.49%,2.62
studeo z,29,324,8.95%,01.05
studio z.,29,211,13.74%,1.1
studio z palladium,29,169,17.16%,1.54
numero studio z,29,162,17.9%,1.88
studio z crediario,29,54,53.7%,1.31
stdioz,29,42,69.05%,1.95
loja de calcados,28,3333,0.84%,06.03
z calçados,28,265,10.57%,1.16
studio z cupom primeira compra,28,245,11.43%,01.07
studio z sapatos,28,157,17.83%,1.11
cancelar cartão studio z,28,104,26.92%,02.07
studio z cashback,28,35,80%,1
marcas de chinelo,27,1316,2.05%,4.84
studio z tenis,27,411,6.57%,1
szt,27,321,8.41%,1.37
tenis feminino studio z,27,308,8.77%,1
bolsas studio z,27,252,10.71%,1
papete gabriela studio z,27,243,11.11%,1
mochila studio z,27,232,11.64%,1
mochila gabriela,27,217,12.44%,1
studio calçados,27,208,12.98%,1.43
studio z mochila,27,177,15.25%,01.01
studio z sandalias,27,163,16.56%,01.01
contato studio z,27,119,22.69%,1.58
studuo z,27,118,22.88%,01.01
www stz.com.br,27,104,25.96%,1
clube studio z,27,40,67.5%,1
z,26,105698,0.02%,9.53
slip on feminino,26,13590,0.19%,8.16
sandalia cartago,26,9296,0.28%,3.88
beira rio,26,7727,0.34%,8.1
sandália feminina papete,26,3248,0.8%,3.96
sandália rasteira modare ultra conforto,26,1118,2.33%,02.08
pagar fatura studio z,26,350,7.43%,5.46
studio z varzea grande,26,332,7.83%,1.7
whatsapp studio z,26,287,9.06%,3.13
tamanco studio z,26,277,9.39%,1
estudio z en florianopolis,26,194,13.4%,02.03
stz balneário camboriú,26,188,13.83%,1.89
studio z trabalhe conosco email,26,178,14.61%,2.97
studio z tamanco,26,169,15.38%,1
sudio z,26,165,15.76%,1.11
studio z shopping ventura,26,151,17.22%,1.21
studio z shopping salvador,26,129,20.16%,01.05
tenis modare ultraconforto,25,4912,0.51%,4.3
seja ouze,25,2769,0.9%,3.56
papetes feminina,25,2591,0.96%,3.74
peep toe vizzano,25,2171,1.15%,2.71
sandália gabriela,25,593,4.22%,01.07
marcas de chinelo feminino,25,322,7.76%,05.06
studio z rasteirinha,25,272,9.19%,1
loja studio z em curitiba,25,176,14.2%,1.6
lojas studio z em salvador,25,145,17.24%,1.63
studios z,25,112,22.32%,2.18
stiloz,25,86,29.07%,24.6
studio \,25,37,67.57%,1.65
politica de troca studio z,25,36,69.44%,1.14
sapatos democrata,24,7550,0.32%,07.05
sandália modare ultra conforto anabela,24,3243,0.74%,6.49
sandália modare ultra conforto bege,24,2034,1.18%,4.51
aplicativo studio z,24,359,6.69%,3.48
sapatos gabriela,24,352,6.82%,2.86
gabrielinha calçados,24,220,10.91%,1
studio z ponta pora,24,212,11.32%,01.04
studio z campo grande,24,212,11.32%,1.28
studio z cuiabá,24,197,12.18%,1.65
studio z santarém,24,161,14.91%,1
stz tenis,24,160,15%,2.74
studio z promoção tênis feminino,24,159,15.09%,1
stydio z,24,112,21.43%,01.05
sandália vizzano salto grosso,23,12039,0.19%,1.92
sandalia infantil,23,7792,0.3%,9.91
sandálias modare,23,3624,0.63%,9.13
sandalias femininas,23,2594,0.89%,5.72
studio z ouze,23,465,4.95%,03.01
studio z cartao,23,391,5.88%,04.08
studio z itaguaçu,23,297,7.74%,01.08
studio z app,23,287,8.01%,2.34
studio z shopping campo grande,23,141,16.31%,1.42
stz trabalhe conosco,23,141,16.31%,2.99
studio z golden shopping,23,122,18.85%,2.37
studio z foz,23,108,21.3%,2.11
studio z pagar fatura,23,101,22.77%,4.27
studio z florianópolis centro,23,79,29.11%,1.16
chinelo cartago,22,13485,0.16%,6.97
sapato scarpin,22,8162,0.27%,8.44
tenis feminino esportivo,22,6558,0.34%,7.63
chinelo modare ultraconforto,22,3099,0.71%,5.76
sapato social masculino,22,2686,0.82%,15.25
marcas de sapato,22,2539,0.87%,4.54
calcenter,22,1952,1.13%,5.86
studio z fernando correa,22,812,2.71%,1.12
studio.,22,735,2.99%,03.02
cartao studio z,22,729,3.02%,4.67
studio z jockey,22,467,4.71%,4.68
studio z jatuarana,22,333,6.61%,1.25
studio z rio poty,22,331,6.65%,01.09
gabriela bolsas,22,299,7.36%,2.28
studio z teresina shopping,22,212,10.38%,1.68
loja studio z em fortaleza,22,173,12.72%,1.61
studio z all star,22,158,13.92%,1
studio z infantil,22,152,14.47%,01.01
stz caruaru,22,136,16.18%,01.01
stillo z,22,115,19.13%,1.5
stz florianopolis,22,112,19.64%,1.71
calcenter - calcados centro-oeste ltda,22,101,21.78%,01.05
studio z calzados,22,99,22.22%,1.42
studio z sapato masculino,22,96,22.92%,1
studio z riomar fortaleza,22,66,33.33%,1
studio z site oficial,22,54,40.74%,1
sapato social masculino studio z,22,53,41.51%,1
troca studio z,22,52,42.31%,1.21
chinela,21,16528,0.13%,7.89
tenis slip on,21,12918,0.16%,6.99
sandalia,21,11399,0.18%,15.21
papete menino,21,3747,0.56%,03.04
tênis social feminino,21,2961,0.71%,4.84
sapato feminino modare ultra conforto,21,2762,0.76%,6.38
cross road,21,1004,2.09%,02.05
woche,21,375,5.6%,5.46
studio z canasvieiras,21,347,6.05%,2.25
estudo z,21,240,8.75%,1
cupom primeira compra studio z,21,207,10.14%,01.08
studio z estados,21,204,10.29%,01.03
studio z patio norte,21,196,10.71%,4.62
stz boa vista,21,166,12.65%,1.25
tênis studio z feminino,21,144,14.58%,1
studio z modare,21,134,15.67%,1
studio z mangabeira,21,125,16.8%,1.94
studio z em manaus,21,91,23.08%,1.62
stz calçados lojas,21,73,28.77%,1.55
sandalias studio z,21,72,29.17%,1
cartão stz shop,21,63,33.33%,1.38
studio z onde tem,21,61,34.43%,1.84
chinelo nuvem gabriela,21,46,45.65%,1
tenis da nike,20,27352,0.07%,9.5
tênis masculino nike,20,26385,0.08%,5.74
tamancos femininos,20,4782,0.42%,8.21
sandália masculina estilosa,20,3460,0.58%,6.16
sandália vizzano plataforma,20,2401,0.83%,2.5
sapato social feminino scarpin,20,1993,1%,3.69
lojas de calcados,20,1352,1.48%,6.44
cupom de desconto studio z,20,854,2.34%,2.43
cupom stz,20,578,3.46%,1.44
studio z boleto,20,370,5.41%,4.46
studio z cupom,20,234,8.55%,1.69
studio z parauapebas,20,171,11.7%,3.23
sapato studio z,20,154,12.99%,1
studio z mocassim,20,154,12.99%,1
baixar aplicativo studio z,20,143,13.99%,2.24
marcas de scarpin,20,104,19.23%,2.11
studio z chapeco,20,62,32.26%,1
central de atendimento studio z,20,43,46.51%,1
tênis esportivo feminino,19,10555,0.18%,5.68
sandália feminina vizzano,19,5520,0.34%,8.92
sapato pegada masculino,19,4646,0.41%,4.97
papete feminino,19,2364,0.8%,3.89
marcas de calçados,19,1430,1.33%,3.91
imagens de studio z centro,19,816,2.33%,3.85
studio z abertos agora,19,562,3.38%,2.21
estilo z,19,439,4.33%,3.59
studio z tacaruna,19,361,5.26%,1.38
studio z patteo,19,278,6.83%,1.11
zstudio,19,271,7.01%,8.85
grupo calcenter,19,234,8.12%,2.51
outlet studio z,19,146,13.01%,2.16
mochila gabriela studio z,19,113,16.81%,1
tenis masculino studio z,19,102,18.63%,1
stúdio z,19,100,19%,1.21
stuido z,19,83,22.89%,1.11
tudio z,19,70,27.14%,01.01
vale presente studio z,19,32,59.38%,1
stz com br,19,26,73.08%,1
tenis democrata,18,19040,0.09%,8.37
tenis actvitta feminino,18,9866,0.18%,7.56
tamanco modare ultra conforto,18,5351,0.34%,4.89
mocassim feminino preto,18,3663,0.49%,7.42
sandálias papete,18,2792,0.64%,3.79
scarpin gabriela,18,508,3.54%,1.88
rasteirinha studio z,18,327,5.5%,1
tênis vertus,18,254,7.09%,01.01
gabriela sandalia,18,244,7.38%,1.89
sapato gabriela studio z,18,223,8.07%,1
lojas z,18,215,8.37%,4.15
studio z rio anil,18,183,9.84%,4.45
studio z metropole,18,180,10%,01.07
mocassim studio z,18,159,11.32%,1
studio z manaira shopping,18,142,12.68%,1.62
stz shopping da bahia,18,81,22.22%,1.38
studio z dourados ms,18,75,24%,1.69
studio z bolsa gabriela,18,74,24.32%,1
sandália feminina studio z,18,55,32.73%,1
studio z villa romana,18,55,32.73%,2.11
stz sapatos,18,49,36.73%,1
stz cartão,18,48,37.5%,2.98
studio z login,18,27,66.67%,1.22
cartago,17,23853,0.07%,10.26
moleca papete,17,5913,0.29%,8.62
sapato de criança,17,4638,0.37%,6.44
sapato masculino democrata,17,4512,0.38%,8.82
slingback,17,3307,0.51%,15.17
loja de sapato,17,1403,1.21%,9.3
sandalias papetes,17,1394,1.22%,3.3
sandália modare ultra conforto salto,17,1074,1.58%,1.66
gabriela calçados,17,941,1.81%,4.16
calcard studio z telefone,17,412,4.13%,4.5
boleto studio z,17,378,4.5%,4.46
studio z shopping rio poty,17,246,6.91%,1.1
studio z online,17,238,7.14%,01.03
studio z en florianopolis,17,220,7.73%,1.77
studio z loja,17,195,8.72%,1.74
studio z tenis infantil,17,149,11.41%,1
studio z it center,17,136,12.5%,1
studio z salto,17,125,13.6%,1
lojas stz,17,125,13.6%,1.62
studio z tubarao,17,113,15.04%,01.01
bow river,17,72,23.61%,1.88
studioz florianopolis,17,56,30.36%,2.5
studio z sac,17,45,37.78%,1
studio z em joinville,17,35,48.57%,1.83
stz shop fatura,17,28,60.71%,1.75
tênis esportivo,16,10355,0.15%,5.98
sandalia zaxy,16,10270,0.16%,6.18
tenis social masculino,16,6550,0.24%,10.48
scarpin salto baixo,16,5766,0.28%,10.14
sandália plataforma vizzano,16,3398,0.47%,5.68
calçados femininos,16,2747,0.58%,22.5
marcas de sapatos,16,2515,0.64%,07.09
modare ultra conforto,16,2121,0.75%,4.84
calçados online,16,1298,1.23%,8.4
solicitar cartão studio z,16,435,3.68%,4.95
sapato gabriela,16,365,4.38%,2.15
studio z perto de mim,16,226,7.08%,1.86
studio z floripa,16,129,12.4%,1.81
studio z santa barbara,16,126,12.7%,1.21
studio z palhoça centro,16,122,13.11%,1
mac jack,16,109,14.68%,1.33
vertus calçados,16,108,14.81%,1
sandália penélope studio z,16,102,15.69%,1
studio z chuteira,16,90,17.78%,1
tem studio z no shopping da ilha,16,90,17.78%,2.66
www.stz.com.br,16,81,19.75%,1
studio z blumenau norte shopping,16,64,25%,2.14
studio z numero,16,54,29.63%,2.41
studio z salvador shopping piso,16,49,32.65%,1
studio z aracaju,16,47,34.04%,02.02
como usar o cashback da studio z,16,39,41.03%,1
studio z são paulo,16,30,53.33%,2.2
tenis masculino preto,15,20437,0.07%,2.73
sandália vizzano,15,10343,0.15%,8.1
actvitta,15,9718,0.15%,5.7
saltos,15,9433,0.16%,10.2
sandália infantil,15,7153,0.21%,9.54
tênis mizuno,15,6701,0.22%,9.57
molekinha infantil,15,6604,0.23%,6.83
papete preta feminina,15,4800,0.31%,7.21
sandália infantil feminina,15,4766,0.31%,9.74
tênis casual,15,4757,0.32%,10.5
sapatilha boneca,15,4021,0.37%,8.56
tamanco beira rio,15,3763,0.4%,6.58
loja de sapatos,15,2208,0.68%,19.24
vizzano sandalias,15,2169,0.69%,9.42
sandalias infantil feminina,15,1692,0.89%,8.5
tenis vertus masculino,15,633,2.37%,01.03
ouze calcard,15,599,2.5%,9.51
studio z floripa shopping,15,268,5.6%,2.44
bolsa tote media gabriela,15,244,6.15%,1
loja ouze,15,214,7.01%,2.99
studio z shopping bela vista,15,185,8.11%,1.21
tenis branco studio z,15,171,8.77%,1
trabalhe conosco studio z,15,161,9.32%,03.09
loja de calçados studio z,15,160,9.38%,1.71
stz teresina,15,119,12.61%,1.52
número de telefone da studio z,15,117,12.82%,2.31
studio z caminho das árvores,15,116,12.93%,1.2
studio z shopping 3 americas,15,114,13.16%,1
lojas studio z em recife,15,97,15.46%,1.66
studio z em salvador,15,90,16.67%,1.54
studoo z,15,85,17.65%,1
studio z belém,15,83,18.07%,1.72
www studiozcalcados com br,15,77,19.48%,1
gabriela zapatos brasil,15,76,19.74%,3.68
studio z cáceres,15,63,23.81%,01.02
studioz calçados,15,61,24.59%,1
studio z shopping guararapes,15,56,26.79%,1.52
studio z vila yolanda,15,56,26.79%,2.86
www studio z calçados com br,15,53,28.3%,1
studii z,15,52,28.85%,01.02
studio z shopping barra,15,46,32.61%,1.5
gabriela calçados studio z,15,44,34.09%,1.34
sapatilha feminina studio z,15,43,34.88%,1
crocs studio z,15,42,35.71%,1.1
studio z natal,15,26,57.69%,1.58
tenis nike preto,14,19834,0.07%,5.63
tênis olympikus feminino,14,18502,0.08%,3.27
tenis all star infantil,14,16766,0.08%,3.62
via marte,14,15484,0.09%,6.47
calçado,14,6596,0.21%,10.8
tênis olympikus masculino preto,14,6426,0.22%,5.7
tênis da nike masculino,14,5575,0.25%,8.64
mocassim preto feminino,14,5379,0.26%,7.99
tenis polo,14,4976,0.28%,07.06
modare,14,3836,0.36%,11.34
sapato boneca,14,2821,0.5%,11.75
tamanco modare ultra conforto anabela,14,2143,0.65%,1.29
calçado infantil,14,2012,0.7%,12.5
modelos de tenis,14,1572,0.89%,4.81
cartao ouze,14,1572,0.89%,6.91
sapato modare ultra conforto,14,1557,0.9%,4.23
tamanco tchocco,14,1085,1.29%,3.1
salto gabriela,14,596,2.35%,1
marcas de chinelos,14,280,5%,4.89
app studio z,14,264,5.3%,3.65
studio z shopping floripa,14,243,5.76%,2.12
studio z condor,14,241,5.81%,2.75
studio z shopping itaguaçu,14,207,6.76%,1.12
studio z comper brilhante,14,174,8.05%,1
studio z camboriú,14,155,9.03%,02.03
fazer cartão studio z,14,152,9.21%,05.03
studio z porto velho shopping,14,121,11.57%,1.26
cartão studio z online,14,117,11.97%,4.44
tênis infantil studio z,14,108,12.96%,1
studio z criciúma,14,102,13.73%,1
studio z plaza,14,102,13.73%,1.66
rasteirinha penelope,14,96,14.58%,01.04
tem studio z no amazonas shopping,14,96,14.58%,1.19
studio z maringá,14,84,16.67%,2.17
central studio z,14,75,18.67%,01.03
zapatillas vertus,14,58,24.14%,5.83
srudioz,14,54,25.93%,1
studio z norte sul,14,54,25.93%,1.13
como cancelar cartao studio z,14,48,29.17%,1.73
studip z,14,43,32.56%,01.05
studio z calçados infantil feminino,14,38,36.84%,1
tem studio z no shopping da bahia,14,38,36.84%,1.42
sapato social studio z,14,31,45.16%,1
stzshop,14,26,53.85%,1.15
estudio zeta,14,25,56%,1.8
studio /,14,19,73.68%,2.11
como usar cashback ouze,14,18,77.78%,1.22
tenis fila masculino,13,24438,0.05%,3.15
tenis mormaii,13,14626,0.09%,6.46
chinelo slide feminino,13,10534,0.12%,8.83
bolsa,13,9812,0.13%,16.26
mochila,13,5727,0.23%,22.18
bota feminina,13,3457,0.38%,22.08
sapato infantil feminino,13,3126,0.42%,11.4
ouze cartão,13,1785,0.73%,07.04
loja de tenis,13,1184,1.1%,21.48
calcard ouze,13,1154,1.13%,10.29
calcard studio z,13,765,1.7%,5.44
nude vazados,13,606,2.15%,3.73
como montar a mochila do stitch,13,262,4.96%,1.16
sandalias gabriela,13,191,6.81%,1.72
lojas studio z manaus,13,181,7.18%,1.51
sapatilha addan,13,168,7.74%,2.35
studio z sandalia gabriela,13,133,9.77%,1
studio z bc,13,133,9.77%,1.68
studio z em curitiba,13,126,10.32%,1.52
studio z outlet porto belo,13,119,10.92%,1.13
loja studio z em manaus,13,113,11.5%,1.78
studio z conde da boa vista,13,89,14.61%,01.02
studio z balneario,13,82,15.85%,1.66
mac e jac,13,75,17.33%,01.03
studio z são luís,13,67,19.4%,2.46
studio z plaza shopping,13,58,22.41%,1.48
estudio zeta florianopolis,13,50,26%,1.84
studio z db nova cidade,13,49,26.53%,1
studio z maraba,13,46,28.26%,1.24
zapatillas en camboriu,13,45,28.89%,01.04
studio z sandálias,13,33,39.39%,1
studio z shopping parangaba,13,33,39.39%,1.18
studio z vale presente,13,24,54.17%,1
studio z rastrear pedido,13,19,68.42%,1.84
stidioz,13,15,86.67%,2.73
mississipi,12,42683,0.03%,7.37
bolsa bege,12,6887,0.17%,1.76
chinelo infantil feminino,12,4749,0.25%,5.81
sapatilha modare,12,4352,0.28%,6.1
chuteira oxn,12,2644,0.45%,5.3
rasteira modare,12,2344,0.51%,3.17
sandália infantil feminina confortável,12,2283,0.53%,7.13
rasteira feminina,12,2279,0.53%,11.38
sapatenis,12,2045,0.59%,18.3
tênis modare ultra conforto,12,2034,0.59%,07.02
sapatilha molekinha,12,1952,0.61%,5
rasteira papete,12,1888,0.64%,3.43
papete modare ultraconforto,12,1356,0.88%,1.5
sapato modare ultraconforto,12,1073,1.12%,4.35
loja de bolsa,12,737,1.63%,10.31
terra e agua calçados,12,523,2.29%,8.79
calçados gabriela,12,336,3.57%,3.85
bolsas gabriela,12,302,3.97%,1.89
loja studio,12,251,4.78%,3.76
chinelo gabriela,12,228,5.26%,1
meio preço,12,163,7.36%,8.2
sandália studio z,12,144,8.33%,1
studio z continente shopping,12,142,8.45%,1.28
mac jac,12,133,9.02%,2.29
loja studio z calçados,12,125,9.6%,1.64
tenis vertus infantil,12,122,9.84%,1
studio z whatsapp compras,12,116,10.34%,3.16
studio z imperatriz,12,101,11.88%,03.05
studio z lojas salvador,12,94,12.77%,1.6
studio z shopping palladium,12,88,13.64%,1.84
studioz z,12,66,18.18%,1.17
studio z maracanaú,12,62,19.35%,1.19
studio z botas,12,60,20%,1
cupom studio z primeira compra,12,60,20%,1.2
marcas de papete,12,59,20.34%,2.69
scarpin marcas famosas,12,57,21.05%,02.09
studio z park europeu,12,49,24.49%,1.2
atudioz,12,42,28.57%,1
zapaterias en camboriu brasil,12,42,28.57%,1.88
studio z promoção masculino,12,38,31.58%,1
studio z boa vista rr,12,38,31.58%,1.76
sapato feminino studio z,12,33,36.36%,1
calcenter studio z,12,32,37.5%,1.53
loja stz salvador,12,29,41.38%,1.72
sapatenis studio z,12,26,46.15%,1
stz shopping bela vista,12,26,46.15%,1.12
tenis nike studio z,12,16,75%,1
liquida,11,8444,0.13%,10
tenis confortavel feminino,11,6434,0.17%,10.48
mocassim preto,11,5214,0.21%,9.71
tênis esportivo masculino,11,5116,0.22%,4.12
tenis feminino,11,4401,0.25%,28.86
mocassim masculino,11,4194,0.26%,12.96
tênis slip on feminino,11,3886,0.28%,7.39
chinelo infantil menina,11,3757,0.29%,5.94
garrafa aluminio,11,3461,0.32%,2.29
tênis actvitta feminino,11,3314,0.33%,6.84
sandália cartago,11,3221,0.34%,3.1
cartago infantil,11,2557,0.43%,7.18
loja de calçados perto de mim,11,1685,0.65%,07.05
sandálias vizzano,11,1649,0.67%,6.67
scarpin boneca,11,1472,0.75%,3.72
tênis modare ultraconforto promoção,11,1048,1.05%,6.48
sapato da moleca feminino,11,963,1.14%,6.98
loja calcados,11,806,1.36%,6.25
calçados infantis,11,688,1.6%,10.93
gabriela 7.0 nude,11,444,2.48%,3.85
sandalias papete,11,441,2.49%,3.12
marcas de chinelo masculino,11,429,2.56%,5.28
studio z é confiavel,11,406,2.71%,4.58
tenis vertus feminino,11,357,3.08%,01.07
lojas de calçados online,11,322,3.42%,6.71
rasteira studio z,11,208,5.29%,1
cartao stz,11,156,7.05%,3.78
studio z itapema,11,151,7.28%,1.74
todas as marcas de sapatos,11,142,7.75%,03.06
gabriela bolsa,11,140,7.86%,1.14
aplicativo da studio z,11,131,8.4%,3.15
segunda via studio z,11,97,11.34%,4.18
studio z rasteira,11,85,12.94%,1
lojas de sapatos em manaus,11,85,12.94%,7.12
cartão studio z telefone,11,82,13.41%,2.83
stz shopping,11,69,15.94%,1.62
telefone da loja studio z,11,62,17.74%,2.42
studio z vg,11,61,18.03%,1.79
studio z botas femininas,11,56,19.64%,1
studio z grande circular,11,55,20%,1
bolsa stz,11,54,20.37%,1
bow river bota,11,52,21.15%,1
sandalia prata studio z,11,51,21.57%,1
studio z chinelo,11,50,22%,1
studio z calçados site,11,47,23.4%,1
stz palmas,11,47,23.4%,1
coturno feminino studio z,11,39,28.21%,01.08
studio z sapatos femininos,11,38,28.95%,1
gabriela calzados brasil,11,35,31.43%,3.17
carteira gabriela,11,34,32.35%,01.09
tênis studio z masculino,11,31,35.48%,1
calçados stz,11,31,35.48%,1.13
studio z são josé - sc,11,29,37.93%,1.9
studio z beiramar shopping,11,27,40.74%,2.67
atendimento studio z,11,26,42.31%,1
loja studio z londrina,11,21,52.38%,1.95
studio z calçados infantil masculino,11,20,55%,1
studio z parangaba,11,19,57.89%,1
necessaire studio z,11,18,61.11%,1
cashback ouze,11,14,78.57%,01.07
bolsa tote,10,17877,0.06%,8.34
sapato nike,10,7670,0.13%,7.55
sandalia zaxy infantil,10,5348,0.19%,5.42
scarpin marrom,10,4695,0.21%,06.05
sapato infantil,10,4270,0.23%,10.6
vizzano sandália,10,3539,0.28%,7.42
studio a,10,3329,0.3%,6.89
sapatos femininos,10,2702,0.37%,22.17
tamancos,10,2382,0.42%,11.97
bota masculina,10,2042,0.49%,26.81
sandália vizzano lançamento,10,1956,0.51%,10.31
marcas de calçados femininos,10,1566,0.64%,6.99
modelos de papete,10,1511,0.66%,5.49
sapato boneca feminino,10,1432,0.7%,14.31
calçados moleca,10,1183,0.85%,7.86
sandália modare ultra conforto promoção,10,1044,0.96%,5.53
sapatilhas modare,10,843,1.19%,5.61
loja de bolsas femininas,10,734,1.36%,8.31
tenis casual feminino promoção,10,684,1.46%,4.26
softierfoam,10,482,2.07%,3.35
lojas de calçados online confiáveis,10,334,2.99%,9.66
marca gabriela,10,283,3.53%,4.18
loja de tenis online,10,276,3.62%,11.62
www.sejaouze,10,271,3.69%,4.48
cupom desconto studio z,10,253,3.95%,2.33
studio z parque shopping,10,253,3.95%,2.87
studio z bela vista,10,218,4.59%,1.16
studio z fatura whatsapp,10,179,5.59%,4.43
chinelo havaianas urban way,10,159,6.29%,5.87
telefone do studio z,10,140,7.14%,2.69
estudio z brasil,10,134,7.46%,2.31
stz cuiaba,10,129,7.75%,1.69
studio z via catarina,10,106,9.43%,1.24
studio z brasil florianopolis,10,87,11.49%,2.33
studio z são josé dos pinhais,10,84,11.9%,2.25
studio z calçados curitiba,10,74,13.51%,1.49
studio z balneário camboriú av brasil,10,70,14.29%,2.1
sapatos studio z,10,67,14.93%,1
loja stz calçados,10,66,15.15%,1.18
studio z calçados balneário camboriú,10,64,15.62%,1.81
gabriela essenciais,10,63,15.87%,1.16
studio z rondonópolis centro,10,58,17.24%,1.28
studio z vila nova,10,58,17.24%,2.38
dtudio z,10,51,19.61%,01.02
scarpin gabriela studio z,10,49,20.41%,1
studio z ventura,10,48,20.83%,1.4
bolsa vertus,10,46,21.74%,1
studio z atendimento,10,43,23.26%,1
mule studio z,10,42,23.81%,1
studio z havaianas,10,31,32.26%,1
studio z pagamento,10,31,32.26%,3.74
studio z sao jose sc,10,30,33.33%,1.53
estilo z calçados,10,28,35.71%,1.21
studio z natal rn,10,28,35.71%,1.32
studio z moleca,10,25,40%,1
studio z em sao paulo,10,19,52.63%,2.26
"studio ,",10,18,55.56%,2.61
tenis adidas studio z,10,16,62.5%,1
studio z shopping barigui,10,16,62.5%,1.75
clube +stz,10,12,83.33%,1
sandalia marrom,9,12060,0.07%,1.69
rider chinelo,9,11829,0.08%,7.88
tênis preto masculino,9,7613,0.12%,3.24
tênis masculino esportivo,9,4669,0.19%,6.22
sapato,9,4169,0.22%,39.17
sapatilha moleca,9,4074,0.22%,10.59
tenis slip on masculino,9,2961,0.3%,9.76
papete feminina preta,9,2226,0.4%,6.42
papete masculina infantil,9,2200,0.41%,6
chinelos rider,9,2087,0.43%,8.85
tenis feminino social,9,1910,0.47%,4.42
sandália rasteirinha feminina,9,1766,0.51%,09.09
sandália scarpin,9,1740,0.52%,5.39
mochilas,9,1654,0.54%,23.86
chinelo modare ultra conforto,9,1524,0.59%,5.84
sandália de criança,9,1523,0.59%,7.5
tenis z,9,1496,0.6%,3.36
calçados pegada masculino,9,1395,0.65%,9.46
sapato feminino scarpin,9,1234,0.73%,4.56
tchocco,9,1064,0.85%,7.67
cartão ouze,9,1047,0.86%,6.71
mizuno branco feminino,9,904,1%,1.18
tamanco modare,9,857,1.05%,2.7
sandália masculina adulto,9,630,1.43%,4.53
gabriela calcados,9,593,1.52%,05.03
calçado feminino,9,586,1.54%,15.53
clube z,9,559,1.61%,10.16
tamanco gabriela,9,466,1.93%,1.22
fatura calcard studio z,9,446,2.02%,6.56
marcas de tênis feminino casual,9,416,2.16%,3.35
rasteira modare ultraconforto,9,388,2.32%,1.72
gulie originals,9,311,2.89%,01.05
studio z sumauma,9,287,3.14%,1.12
lojas de bolsas femininas,9,243,3.7%,9.19
site studio,9,219,4.11%,45.47
sandalia minnie com carrinho,9,215,4.19%,1
rasteira gabriela,9,209,4.31%,02.07
sandália gabriela salto grosso,9,205,4.39%,01.01
studio z shopping pantanal,9,196,4.59%,1.35
fazer cartão studio z online,9,194,4.64%,4.82
marcas de chinelos mais vendidos no brasil,9,184,4.89%,5.25
calcados gabriella,9,183,4.92%,3.96
studio z norte shopping,9,156,5.77%,2.58
imagens de studio z caminho das árvores,9,133,6.77%,3.73
studio z shopping continente,9,121,7.44%,1.28
estudio z balneario camboriu,9,113,7.96%,2
studio z endereço,9,110,8.18%,2.18
studio z cartao da loja,9,97,9.28%,4.4
tênis gabriela studio z,9,95,9.47%,1
zapatillas en florianopolis,9,87,10.34%,4.67
tamanco gabriela studio z,9,84,10.71%,1
studio zeta,9,84,10.71%,32.33
studio z shopping rio anil,9,81,11.11%,3.4
studio z blumenau br 470,9,76,11.84%,3.66
sandalia dourada studio z,9,74,12.16%,1
studio z telefone whatsapp,9,73,12.33%,03.03
calcenter calçados,9,71,12.68%,1.41
2 via studio z,9,69,13.04%,4.3
mule gabriela,9,66,13.64%,01.02
loja de sapato studio z,9,65,13.85%,1.45
marcas de chinelos femininos,9,63,14.29%,1.52
studio z aplicativo,9,63,14.29%,2.44
studio z santa catarina,9,62,14.52%,1.77
vertus tênis,9,59,15.25%,01.02
stz campo grande ms,9,56,16.07%,1.96
studio z sandalia,9,55,16.36%,1
bota feminina studio z,9,52,17.31%,1
scarpin preto studio z,9,52,17.31%,1
studio z shopping varzea grande,9,52,17.31%,01.06
salto alto studio z,9,44,20.45%,1
studio z tangara,9,44,20.45%,1
loja studio z blumenau,9,41,21.95%,1.95
stz salvador shopping,9,39,23.08%,1
studio z salvador shopping qual piso,9,36,25%,01.03
como cancelar cartão ouze studio z,9,35,25.71%,3.17
studio z balneário camboriú shopping,9,31,29.03%,1.58
studio z riomar kennedy,9,31,29.03%,1.74
bolsa feminina studio z,9,30,30%,1
plataforma studio z,9,28,32.14%,1
número do studio z,9,28,32.14%,2.14
estudio z florianopolis,9,28,32.14%,2.29
botas studio z,9,27,33.33%,1
chuteira society studio z,9,26,34.62%,1
studio z sandalia infantil,9,26,34.62%,1
franquia studio z,9,23,39.13%,01.09
studio z chinelo masculino,9,22,40.91%,1
studio z masculino,9,22,40.91%,1
studio z 3 americas,9,20,45%,1
como usar cashback studio z,9,18,50%,1.33
estudio z zapatos,9,16,56.25%,1.31
stz app,9,16,56.25%,5.44
papete na studio z,9,11,81.82%,1
studio z cartao presente,9,10,90%,1
under armour,8,31938,0.03%,8.29
tenis preto masculino,8,14280,0.06%,4.11
chinelo havaianas infantil,8,13756,0.06%,5.63
garrafa academia,8,7824,0.1%,03.03
tenis olympikus feminino preto,8,7685,0.1%,01.03
tenis via marte,8,6704,0.12%,9.57
sandalia rasteira,8,6375,0.13%,7.76
chuteira infantil,8,5381,0.15%,12.01
sapato mocassim,8,5015,0.16%,10.65
tenis esportivo nike,8,4766,0.17%,3.49
actvitta tenis,8,4743,0.17%,5.16
salto feminino,8,4540,0.18%,9.22
tenis em promoção,8,3577,0.22%,13.03
chinela rider,8,3307,0.24%,7.41
peep toe,8,3110,0.26%,13.67
tenis escolar menina,8,3038,0.26%,8.44
tênis esportivos femininos,8,2877,0.28%,6.76
bolsas,8,2813,0.28%,30.16
scarpin salto grosso,8,2516,0.32%,15.64
carteira feminina,8,2221,0.36%,22.08
scarpin slingback,8,2040,0.39%,9.68
sandália beira rio salto grosso,8,1919,0.42%,1.18
scarpin salto bloco,8,1842,0.43%,7.83
black free,8,1762,0.45%,9
sapatenis masculino,8,1754,0.46%,21.1
sandalia papete feminina,8,1523,0.53%,4.42
sandalia social feminino,8,1505,0.53%,8.96
ouze telefone,8,1378,0.58%,10.57
tipos de tenis,8,1338,0.6%,7.53
sapato modare ultra conforto preto,8,1190,0.67%,6.45
chinelo menina,8,1181,0.68%,6.95
lojas de sapatos,8,1160,0.69%,13.92
modare sapatilha,8,944,0.85%,6.83
comprar tenis nike,8,918,0.87%,8.31
ouze calcard fatura,8,901,0.89%,9.76
sandália infantil confortável,8,706,1.13%,4.18
sandalia modare ultra conforto,8,667,1.2%,4.58
sandália modare ultra conforto preta,8,636,1.26%,4.96
rasteirinha mississipi pedraria,8,600,1.33%,01.07
melhores marcas de bolsas femininas nacionais,8,581,1.38%,9.77
sandálias femininas confortáveis e elegantes,8,443,1.81%,9.59
bolsa baguete off white,8,442,1.81%,01.01
studii,8,363,2.2%,03.02
vagas na empresa studio z,8,357,2.24%,8.27
slingback vizzano salto grosso,8,344,2.33%,01.06
tênis vertus é bom,8,344,2.33%,3.63
srudio,8,329,2.43%,3.21
penelope calçados,8,289,2.77%,5.34
sac ouze,8,285,2.81%,5.11
studio z alto perequê,8,199,4.02%,01.02
sapatilha gabriela,8,195,4.1%,1.51